{"type": "FeatureCollection", "features": [{"type": "Feature", "geometry": {"type": "Point", "coordinates": [35.4177515, 30.985944]}, "properties": {"id": "EMIT_L1B_RAD_001_20220810T064957_2222205_033", "country": "Israel", "n_imeo": 1, "n_cm": 1, "flux_max": 3452.64, "sector": "Waste", "split": "train", "date": "2022-08-10"}}, {"type": "Feature", "geometry": {"type": "Point", "coordinates": [40.417384999999996, 35.127207]}, "properties": {"id": "EMIT_L1B_RAD_001_20220810T065132_2222205_041", "country": "Syrian Arab Republic", "n_imeo": 4, "n_cm": 5, "flux_max": 5221.0, "sector": "Oil and Gas", "split": "train", "date": "2022-08-10"}}, {"type": "Feature", "geometry": {"type": "Point", "coordinates": [40.887297000000004, 34.67857]}, "properties": {"id": "EMIT_L1B_RAD_001_20220814T051412_2222604_005", "country": "Syrian Arab Republic", "n_imeo": 1, "n_cm": 3, "flux_max": 1765.0, "sector": "Oil and Gas", "split": "train", "date": "2022-08-14"}}, {"type": "Feature", "geometry": {"type": "Point", "coordinates": [35.083475, 31.576913]}, "properties": {"id": "EMIT_L1B_RAD_001_20220814T132203_2222609_003", "country": "State of Palestine", "n_imeo": 1, "n_cm": 1, "flux_max": 2325.13, "sector": "Waste", "split": "train", "date": "2022-08-14"}}, {"type": "Feature", "geometry": {"type": "Point", "coordinates": [54.1659945, 39.460289]}, "properties": {"id": "EMIT_L1B_RAD_001_20220815T105833_2222707_011", "country": "Turkmenistan", "n_imeo": 8, "n_cm": 15, "flux_max": 16670.33, "sector": "Oil and Gas", "split": "train", "date": "2022-08-15"}}, {"type": "Feature", "geometry": {"type": "Point", "coordinates": [20.715818499999997, 28.7466535]}, "properties": {"id": "EMIT_L1B_RAD_001_20220815T140823_2222709_006", "country": "Libya", "n_imeo": 1, "n_cm": 1, "flux_max": 6603.02, "sector": "Oil and Gas", "split": "train", "date": "2022-08-15"}}, {"type": "Feature", "geometry": {"type": "Point", "coordinates": [58.674242, 40.439787]}, "properties": {"id": "EMIT_L1B_RAD_001_20220816T101035_2222807_012", "country": "Turkmenistan", "n_imeo": 1, "n_cm": 1, "flux_max": 1823.39, "sector": "Oil and Gas", "split": "test", "date": "2022-08-16"}}, {"type": "Feature", "geometry": {"type": "Point", "coordinates": [60.186363, 39.5350135]}, "properties": {"id": "EMIT_L1B_RAD_001_20220816T101058_2222807_014", "country": "Turkmenistan", "n_imeo": 4, "n_cm": 5, "flux_max": 2589.01, "sector": "Oil and Gas", "split": "train", "date": "2022-08-16"}}, {"type": "Feature", "geometry": {"type": "Point", "coordinates": [63.087751499999996, 37.661556000000004]}, "properties": {"id": "EMIT_L1B_RAD_001_20220816T101146_2222807_018", "country": "Turkmenistan", "n_imeo": 1, "n_cm": 2, "flux_max": 1939.08, "sector": "Unknown", "split": "train", "date": "2022-08-16"}}, {"type": "Feature", "geometry": {"type": "Point", "coordinates": [47.6024055, 31.3613565]}, "properties": {"id": "EMIT_L1B_RAD_001_20220816T114703_2222808_014", "country": "Iran (Islamic Republic of)", "n_imeo": 1, "n_cm": 1, "flux_max": 1839.33, "sector": "Oil and Gas", "split": "test", "date": "2022-08-16"}}, {"type": "Feature", "geometry": {"type": "Point", "coordinates": [65.65602899999999, 39.943605500000004]}, "properties": {"id": "EMIT_L1B_RAD_001_20220817T092314_2222906_023", "country": "Uzbekistan", "n_imeo": 1, "n_cm": 3, "flux_max": 3785.1, "sector": "Oil and Gas", "split": "train", "date": "2022-08-17"}}, {"type": "Feature", "geometry": {"type": "Point", "coordinates": [31.4324905, 30.213660500000003]}, "properties": {"id": "EMIT_L1B_RAD_001_20220817T123245_2222908_004", "country": "Egypt", "n_imeo": 1, "n_cm": 1, "flux_max": 3286.0, "sector": "Waste", "split": "val", "date": "2022-08-17"}}, {"type": "Feature", "geometry": {"type": "Point", "coordinates": [6.1441555, 31.7330325]}, "properties": {"id": "EMIT_L1B_RAD_001_20220817T140501_2222909_010", "country": "Algeria", "n_imeo": 2, "n_cm": 1, "flux_max": 2526.0, "sector": "Oil and Gas", "split": "test", "date": "2022-08-17"}}, {"type": "Feature", "geometry": {"type": "Point", "coordinates": [64.8104475, 46.947008]}, "properties": {"id": "EMIT_L1B_RAD_001_20220818T034231_2223003_002", "country": "Kazakhstan", "n_imeo": 1, "n_cm": 1, "flux_max": 3365.0, "sector": "Oil and Gas", "split": "val", "date": "2022-08-18"}}, {"type": "Feature", "geometry": {"type": "Point", "coordinates": [88.16460799999999, 43.759035]}, "properties": {"id": "EMIT_L1B_RAD_001_20220818T070105_2223005_022", "country": "China", "n_imeo": 1, "n_cm": 1, "flux_max": 8039.42, "sector": "Waste", "split": "test", "date": "2022-08-18"}}, {"type": "Feature", "geometry": {"type": "Point", "coordinates": [35.981975500000004, 31.63225]}, "properties": {"id": "EMIT_L1B_RAD_001_20220818T114440_2223008_004", "country": "Jordan", "n_imeo": 1, "n_cm": 1, "flux_max": 3099.88, "sector": "Waste", "split": "test", "date": "2022-08-18"}}, {"type": "Feature", "geometry": {"type": "Point", "coordinates": [60.084919, 36.138016]}, "properties": {"id": "EMIT_L1B_RAD_001_20220819T092231_2223106_016", "country": "Iran (Islamic Republic of)", "n_imeo": 1, "n_cm": 1, "flux_max": 2647.0, "sector": "Waste", "split": "train", "date": "2022-08-19"}}, {"type": "Feature", "geometry": {"type": "Point", "coordinates": [21.102563, 29.304350499999998]}, "properties": {"id": "EMIT_L1B_RAD_001_20220819T123047_2223108_005", "country": "Libya", "n_imeo": 1, "n_cm": 1, "flux_max": 2372.08, "sector": "Oil and Gas", "split": "train", "date": "2022-08-19"}}, {"type": "Feature", "geometry": {"type": "Point", "coordinates": [60.6335755, 39.848571500000006]}, "properties": {"id": "EMIT_L1B_RAD_001_20220820T083324_2223206_013", "country": "Turkmenistan", "n_imeo": 2, "n_cm": 1, "flux_max": 4955.61, "sector": "Oil and Gas", "split": "train", "date": "2022-08-20"}}, {"type": "Feature", "geometry": {"type": "Point", "coordinates": [94.607414, 37.105547]}, "properties": {"id": "EMIT_L1B_RAD_001_20220821T061407_2223304_029", "country": "China", "n_imeo": 1, "n_cm": 1, "flux_max": 4371.0, "sector": "Oil and Gas", "split": "val", "date": "2022-08-21"}}, {"type": "Feature", "geometry": {"type": "Point", "coordinates": [45.795885, 15.4867235]}, "properties": {"id": "EMIT_L1B_RAD_001_20220821T110023_2223307_023", "country": "Yemen", "n_imeo": 2, "n_cm": 2, "flux_max": 2546.0, "sector": "Oil and Gas", "split": "train", "date": "2022-08-21"}}, {"type": "Feature", "geometry": {"type": "Point", "coordinates": [36.2584345, 32.256575500000004]}, "properties": {"id": "EMIT_L1B_RAD_001_20220822T100653_2223407_004", "country": "Jordan", "n_imeo": 1, "n_cm": 1, "flux_max": 3665.97, "sector": "Waste", "split": "test", "date": "2022-08-22"}}, {"type": "Feature", "geometry": {"type": "Point", "coordinates": [61.570671000000004, 35.790842]}, "properties": {"id": "EMIT_L1B_RAD_001_20220823T074504_2223505_021", "country": "Turkmenistan", "n_imeo": 2, "n_cm": 1, "flux_max": 12781.07, "sector": "Oil and Gas", "split": "val", "date": "2022-08-23"}}, {"type": "Feature", "geometry": {"type": "Point", "coordinates": [53.5634615, 37.7679825]}, "properties": {"id": "EMIT_L1B_RAD_001_20220826T065435_2223805_007", "country": "Turkmenistan", "n_imeo": 6, "n_cm": 10, "flux_max": 9383.19, "sector": "Oil and Gas", "split": "train", "date": "2022-08-26"}}, {"type": "Feature", "geometry": {"type": "Point", "coordinates": [-104.2827225, 32.193529]}, "properties": {"id": "EMIT_L1B_RAD_001_20220826T174642_2223812_024", "country": "United States of America", "n_imeo": 1, "n_cm": 1, "flux_max": 3667.85, "sector": "Oil and Gas", "split": "train", "date": "2022-08-26"}}, {"type": "Feature", "geometry": {"type": "Point", "coordinates": [60.390713, 37.259864500000006]}, "properties": {"id": "EMIT_L1B_RAD_001_20220827T060730_2223904_011", "country": "Turkmenistan", "n_imeo": 1, "n_cm": 1, "flux_max": 2399.0, "sector": "Oil and Gas", "split": "test", "date": "2022-08-27"}}, {"type": "Feature", "geometry": {"type": "Point", "coordinates": [61.766408999999996, 36.286314000000004]}, "properties": {"id": "EMIT_L1B_RAD_001_20220827T060753_2223904_013", "country": "Turkmenistan", "n_imeo": 16, "n_cm": 14, "flux_max": 7111.0, "sector": "Oil and Gas", "split": "val", "date": "2022-08-27"}}, {"type": "Feature", "geometry": {"type": "Point", "coordinates": [37.3462505, 36.8703955]}, "properties": {"id": "EMIT_L1B_RAD_001_20220827T074030_2223905_003", "country": "T\u00fcrkiye", "n_imeo": 1, "n_cm": 1, "flux_max": 2378.0, "sector": "Waste", "split": "train", "date": "2022-08-27"}}, {"type": "Feature", "geometry": {"type": "Point", "coordinates": [61.6891825, 40.3077125]}, "properties": {"id": "EMIT_L1B_RAD_001_20220828T051853_2224004_002", "country": "Turkmenistan", "n_imeo": 2, "n_cm": 2, "flux_max": 4090.0, "sector": "Oil and Gas", "split": "train", "date": "2022-08-28"}}, {"type": "Feature", "geometry": {"type": "Point", "coordinates": [62.4475535, 39.8571665]}, "properties": {"id": "EMIT_L1B_RAD_001_20220828T051905_2224004_003", "country": "Turkmenistan", "n_imeo": 1, "n_cm": 1, "flux_max": 1328.58, "sector": "Oil and Gas", "split": "train", "date": "2022-08-28"}}, {"type": "Feature", "geometry": {"type": "Point", "coordinates": [63.9324855, 38.9396895]}, "properties": {"id": "EMIT_L1B_RAD_001_20220828T051929_2224004_005", "country": "Uzbekistan", "n_imeo": 1, "n_cm": 2, "flux_max": 4620.06, "sector": "Oil and Gas", "split": "val", "date": "2022-08-28"}}, {"type": "Feature", "geometry": {"type": "Point", "coordinates": [64.659828, 38.472865999999996]}, "properties": {"id": "EMIT_L1B_RAD_001_20220828T051941_2224004_006", "country": "Turkmenistan", "n_imeo": 2, "n_cm": 5, "flux_max": 6111.6, "sector": "Oil and Gas", "split": "train", "date": "2022-08-28"}}, {"type": "Feature", "geometry": {"type": "Point", "coordinates": [42.785616, 37.31840149999999]}, "properties": {"id": "EMIT_L1B_RAD_001_20220828T065300_2224005_003", "country": "Iraq", "n_imeo": 1, "n_cm": 1, "flux_max": 2584.0, "sector": "Waste", "split": "train", "date": "2022-08-28"}}, {"type": "Feature", "geometry": {"type": "Point", "coordinates": [44.1631395, 36.347314999999995]}, "properties": {"id": "EMIT_L1B_RAD_001_20220828T065324_2224005_005", "country": "Iraq", "n_imeo": 1, "n_cm": 2, "flux_max": 1016.0, "sector": "Waste", "split": "train", "date": "2022-08-28"}}, {"type": "Feature", "geometry": {"type": "Point", "coordinates": [51.935293, 29.9769285]}, "properties": {"id": "EMIT_L1B_RAD_001_20220828T065550_2224005_015", "country": "Iran (Islamic Republic of)", "n_imeo": 1, "n_cm": 1, "flux_max": 6447.0, "sector": "Oil and Gas", "split": "train", "date": "2022-08-28"}}, {"type": "Feature", "geometry": {"type": "Point", "coordinates": [57.9560605, 23.916673000000003]}, "properties": {"id": "EMIT_L1B_RAD_001_20220828T065800_2224005_022", "country": "Oman", "n_imeo": 1, "n_cm": 1, "flux_max": 2304.23, "sector": "Waste", "split": "train", "date": "2022-08-28"}}, {"type": "Feature", "geometry": {"type": "Point", "coordinates": [58.472561, 23.3506315]}, "properties": {"id": "EMIT_L1B_RAD_001_20220828T065812_2224005_023", "country": "Oman", "n_imeo": 1, "n_cm": 1, "flux_max": 2367.93, "sector": "Waste", "split": "train", "date": "2022-08-28"}}, {"type": "Feature", "geometry": {"type": "Point", "coordinates": [28.6556605, 29.6863805]}, "properties": {"id": "EMIT_L1B_RAD_001_20220828T082847_2224006_007", "country": "Egypt", "n_imeo": 5, "n_cm": 5, "flux_max": 2306.0, "sector": "Oil and Gas", "split": "train", "date": "2022-08-28"}}, {"type": "Feature", "geometry": {"type": "Point", "coordinates": [51.5602895, 35.381533000000005]}, "properties": {"id": "EMIT_L1B_RAD_001_20220829T060627_2224104_004", "country": "Iran (Islamic Republic of)", "n_imeo": 1, "n_cm": 1, "flux_max": 3199.74, "sector": "Waste", "split": "train", "date": "2022-08-29"}}, {"type": "Feature", "geometry": {"type": "Point", "coordinates": [-115.2028125, 36.561846]}, "properties": {"id": "EMIT_L1B_RAD_001_20220829T165553_2224111_002", "country": "United States of America", "n_imeo": 1, "n_cm": 1, "flux_max": 1873.0, "sector": "Waste", "split": "test", "date": "2022-08-29"}}, {"type": "Feature", "geometry": {"type": "Point", "coordinates": [35.9504565, 33.9084165]}, "properties": {"id": "EMIT_L1B_RAD_001_20220830T065232_2224205_004", "country": "Lebanon", "n_imeo": 1, "n_cm": 1, "flux_max": 1354.0, "sector": "Waste", "split": "train", "date": "2022-08-30"}}, {"type": "Feature", "geometry": {"type": "Point", "coordinates": [36.5852645, 33.394377000000006]}, "properties": {"id": "EMIT_L1B_RAD_001_20220830T065244_2224205_005", "country": "Syrian Arab Republic", "n_imeo": 1, "n_cm": 1, "flux_max": 1236.69, "sector": "Waste", "split": "test", "date": "2022-08-30"}}, {"type": "Feature", "geometry": {"type": "Point", "coordinates": [47.718469999999996, 28.934778]}, "properties": {"id": "EMIT_L1B_RAD_001_20220831T060702_2224304_007", "country": "Kuwait", "n_imeo": 5, "n_cm": 2, "flux_max": 4479.0, "sector": "Oil and Gas", "split": "train", "date": "2022-08-31"}}, {"type": "Feature", "geometry": {"type": "Point", "coordinates": [50.487211, 26.187752500000002]}, "properties": {"id": "EMIT_L1B_RAD_001_20220831T060801_2224304_012", "country": "Bahrain", "n_imeo": 2, "n_cm": 1, "flux_max": 20828.67, "sector": "Oil and Gas", "split": "train", "date": "2022-08-31"}}, {"type": "Feature", "geometry": {"type": "Point", "coordinates": [66.033161, 38.074223]}, "properties": {"id": "EMIT_L1B_RAD_001_20220901T034318_2224403_002", "country": "Uzbekistan", "n_imeo": 7, "n_cm": 12, "flux_max": 3342.0, "sector": "Oil and Gas", "split": "train", "date": "2022-09-01"}}, {"type": "Feature", "geometry": {"type": "Point", "coordinates": [45.9289745, 35.614093499999996]}, "properties": {"id": "EMIT_L1B_RAD_001_20220901T051709_2224404_005", "country": "Iraq", "n_imeo": 1, "n_cm": 1, "flux_max": 2254.0, "sector": "Waste", "split": "val", "date": "2022-09-01"}}, {"type": "Feature", "geometry": {"type": "Point", "coordinates": [-71.01150100000001, -33.5486355]}, "properties": {"id": "EMIT_L1B_RAD_001_20230107T143806_2300709_003", "country": "Chile", "n_imeo": 1, "n_cm": 2, "flux_max": 1685.3, "sector": "Waste", "split": "val", "date": "2023-01-07"}}, {"type": "Feature", "geometry": {"type": "Point", "coordinates": [-70.375126, -34.059538]}, "properties": {"id": "EMIT_L1B_RAD_001_20230107T143818_2300709_004", "country": "Chile", "n_imeo": 1, "n_cm": 1, "flux_max": 2556.0, "sector": "Waste", "split": "val", "date": "2023-01-07"}}, {"type": "Feature", "geometry": {"type": "Point", "coordinates": [-70.5391195, -33.2454605]}, "properties": {"id": "EMIT_L1B_RAD_001_20230111T130107_2301108_002", "country": "Chile", "n_imeo": 1, "n_cm": 1, "flux_max": 4047.0, "sector": "Waste", "split": "train", "date": "2023-01-11"}}, {"type": "Feature", "geometry": {"type": "Point", "coordinates": [-71.759121, -16.222495000000002]}, "properties": {"id": "EMIT_L1B_RAD_001_20230113T211248_2301313_003", "country": "Peru", "n_imeo": 1, "n_cm": 1, "flux_max": 487.0, "sector": "Waste", "split": "test", "date": "2023-01-13"}}, {"type": "Feature", "geometry": {"type": "Point", "coordinates": [-58.4812395, -34.7973425]}, "properties": {"id": "EMIT_L1B_RAD_001_20230122T153151_2302210_042", "country": "Argentina", "n_imeo": 2, "n_cm": 3, "flux_max": 10031.22, "sector": "Waste", "split": "train", "date": "2023-01-22"}}, {"type": "Feature", "geometry": {"type": "Point", "coordinates": [-77.1637575, -11.993068000000001]}, "properties": {"id": "EMIT_L1B_RAD_001_20230127T162104_2302710_003", "country": "Peru", "n_imeo": 2, "n_cm": 2, "flux_max": 4876.18, "sector": "Waste", "split": "train", "date": "2023-01-27"}}, {"type": "Feature", "geometry": {"type": "Point", "coordinates": [7.9474374999999995, 28.8262895]}, "properties": {"id": "EMIT_L1B_RAD_001_20230128T124130_2302809_034", "country": "Algeria", "n_imeo": 1, "n_cm": 1, "flux_max": 722.0, "sector": "Oil and Gas", "split": "val", "date": "2023-01-28"}}, {"type": "Feature", "geometry": {"type": "Point", "coordinates": [55.638258, 22.967494000000002]}, "properties": {"id": "EMIT_L1B_RAD_001_20230129T084611_2302906_025", "country": "Oman", "n_imeo": 2, "n_cm": 1, "flux_max": 995.0, "sector": "Oil and Gas", "split": "train", "date": "2023-01-29"}}, {"type": "Feature", "geometry": {"type": "Point", "coordinates": [-100.5036465, 26.010332499999997]}, "properties": {"id": "EMIT_L1B_RAD_001_20230130T184923_2303013_006", "country": "Mexico", "n_imeo": 1, "n_cm": 2, "flux_max": 2974.0, "sector": "Waste", "split": "train", "date": "2023-01-30"}}, {"type": "Feature", "geometry": {"type": "Point", "coordinates": [61.555891, 38.127733]}, "properties": {"id": "EMIT_L1B_RAD_001_20230131T084924_2303106_045", "country": "Turkmenistan", "n_imeo": 1, "n_cm": 1, "flux_max": 771.38, "sector": "Oil and Gas", "split": "train", "date": "2023-01-31"}}, {"type": "Feature", "geometry": {"type": "Point", "coordinates": [5.940476, 31.6658545]}, "properties": {"id": "EMIT_L1B_RAD_001_20230131T115231_2303108_040", "country": "Algeria", "n_imeo": 7, "n_cm": 11, "flux_max": 3568.0, "sector": "Oil and Gas", "split": "test", "date": "2023-01-31"}}, {"type": "Feature", "geometry": {"type": "Point", "coordinates": [-0.687013, 35.4101925]}, "properties": {"id": "EMIT_L1B_RAD_001_20230202T115125_2303308_026", "country": "Algeria", "n_imeo": 1, "n_cm": 1, "flux_max": 3969.0, "sector": "Waste", "split": "train", "date": "2023-02-02"}}, {"type": "Feature", "geometry": {"type": "Point", "coordinates": [28.1630975, 29.537942]}, "properties": {"id": "EMIT_L1B_RAD_001_20230204T084139_2303506_028", "country": "Egypt", "n_imeo": 3, "n_cm": 4, "flux_max": 1586.0, "sector": "Oil and Gas", "split": "train", "date": "2023-02-04"}}, {"type": "Feature", "geometry": {"type": "Point", "coordinates": [-104.1411745, 32.4628955]}, "properties": {"id": "EMIT_L1B_RAD_001_20230205T171255_2303612_007", "country": "United States of America", "n_imeo": 3, "n_cm": 11, "flux_max": 3272.0, "sector": "Oil and Gas", "split": "train", "date": "2023-02-05"}}, {"type": "Feature", "geometry": {"type": "Point", "coordinates": [57.7080325, 23.31862]}, "properties": {"id": "EMIT_L1B_RAD_001_20230206T053232_2303704_015", "country": "Oman", "n_imeo": 1, "n_cm": 1, "flux_max": 804.33, "sector": "Waste", "split": "train", "date": "2023-02-06"}}, {"type": "Feature", "geometry": {"type": "Point", "coordinates": [110.772583, 37.607012]}, "properties": {"id": "EMIT_L1B_RAD_001_20230215T063725_2304604_008", "country": "China", "n_imeo": 10, "n_cm": 4, "flux_max": 5530.03, "sector": "Coal", "split": "train", "date": "2023-02-15"}}, {"type": "Feature", "geometry": {"type": "Point", "coordinates": [112.3096655, 36.532213]}, "properties": {"id": "EMIT_L1B_RAD_001_20230215T063749_2304604_010", "country": "China", "n_imeo": 9, "n_cm": 3, "flux_max": 8280.0, "sector": "Coal", "split": "train", "date": "2023-02-15"}}, {"type": "Feature", "geometry": {"type": "Point", "coordinates": [-1.3139, 37.731702999999996]}, "properties": {"id": "EMIT_L1B_RAD_001_20230216T133401_2304709_003", "country": "Spain", "n_imeo": 1, "n_cm": 1, "flux_max": 2717.0, "sector": "Waste", "split": "val", "date": "2023-02-16"}}, {"type": "Feature", "geometry": {"type": "Point", "coordinates": [6.4367160000000005, 31.766369]}, "properties": {"id": "EMIT_L1B_RAD_001_20230216T133626_2304709_013", "country": "Algeria", "n_imeo": 5, "n_cm": 4, "flux_max": 6268.71, "sector": "Oil and Gas", "split": "test", "date": "2023-02-16"}}, {"type": "Feature", "geometry": {"type": "Point", "coordinates": [35.352308, 32.462246]}, "properties": {"id": "EMIT_L1B_RAD_001_20230217T111551_2304807_011", "country": "State of Palestine", "n_imeo": 1, "n_cm": 1, "flux_max": 1382.73, "sector": "Waste", "split": "train", "date": "2023-02-17"}}, {"type": "Feature", "geometry": {"type": "Point", "coordinates": [38.94878, 34.4705275]}, "properties": {"id": "EMIT_L1B_RAD_001_20230218T102723_2304907_007", "country": "Syrian Arab Republic", "n_imeo": 2, "n_cm": 1, "flux_max": 1420.0, "sector": "Oil and Gas", "split": "test", "date": "2023-02-18"}}, {"type": "Feature", "geometry": {"type": "Point", "coordinates": [-80.89333, 35.9057255]}, "properties": {"id": "EMIT_L1B_RAD_001_20230218T181054_2304912_005", "country": "United States of America", "n_imeo": 1, "n_cm": 2, "flux_max": 3003.0, "sector": "Waste", "split": "test", "date": "2023-02-18"}}, {"type": "Feature", "geometry": {"type": "Point", "coordinates": [61.1476405, 39.732855]}, "properties": {"id": "EMIT_L1B_RAD_001_20230219T080503_2305005_015", "country": "Turkmenistan", "n_imeo": 3, "n_cm": 1, "flux_max": 4808.0, "sector": "Oil and Gas", "split": "train", "date": "2023-02-19"}}, {"type": "Feature", "geometry": {"type": "Point", "coordinates": [63.3474085, 38.344992]}, "properties": {"id": "EMIT_L1B_RAD_001_20230219T080539_2305005_018", "country": "Turkmenistan", "n_imeo": 5, "n_cm": 3, "flux_max": 1937.83, "sector": "Oil and Gas", "split": "train", "date": "2023-02-19"}}, {"type": "Feature", "geometry": {"type": "Point", "coordinates": [44.07979, 35.292801]}, "properties": {"id": "EMIT_L1B_RAD_001_20230219T093943_2305006_010", "country": "Iraq", "n_imeo": 2, "n_cm": 1, "flux_max": 4768.89, "sector": "Oil and Gas", "split": "train", "date": "2023-02-19"}}, {"type": "Feature", "geometry": {"type": "Point", "coordinates": [-101.16585549999999, 22.209571]}, "properties": {"id": "EMIT_L1B_RAD_001_20230220T194723_2305113_035", "country": "Mexico", "n_imeo": 1, "n_cm": 1, "flux_max": 2095.0, "sector": "Waste", "split": "train", "date": "2023-02-20"}}, {"type": "Feature", "geometry": {"type": "Point", "coordinates": [69.303501, 41.934124]}, "properties": {"id": "EMIT_L1B_RAD_001_20230221T063001_2305204_015", "country": "Kazakhstan", "n_imeo": 1, "n_cm": 1, "flux_max": 1094.0, "sector": "Waste", "split": "train", "date": "2023-02-21"}}, {"type": "Feature", "geometry": {"type": "Point", "coordinates": [110.774109, 38.383442]}, "properties": {"id": "EMIT_L1B_RAD_001_20230223T032517_2305402_010", "country": "China", "n_imeo": 1, "n_cm": 1, "flux_max": 2371.66, "sector": "Coal", "split": "test", "date": "2023-02-23"}}, {"type": "Feature", "geometry": {"type": "Point", "coordinates": [83.7167665, 40.511047]}, "properties": {"id": "EMIT_L1B_RAD_001_20230223T045720_2305403_009", "country": "China", "n_imeo": 2, "n_cm": 1, "flux_max": 1598.0, "sector": "Oil and Gas", "split": "val", "date": "2023-02-23"}}, {"type": "Feature", "geometry": {"type": "Point", "coordinates": [61.386072, 39.7543735]}, "properties": {"id": "EMIT_L1B_RAD_001_20230223T063033_2305404_008", "country": "Turkmenistan", "n_imeo": 3, "n_cm": 4, "flux_max": 4441.0, "sector": "Oil and Gas", "split": "train", "date": "2023-02-23"}}, {"type": "Feature", "geometry": {"type": "Point", "coordinates": [63.587335499999995, 38.367245]}, "properties": {"id": "EMIT_L1B_RAD_001_20230223T063109_2305404_011", "country": "Turkmenistan", "n_imeo": 3, "n_cm": 1, "flux_max": 4462.0, "sector": "Oil and Gas", "split": "train", "date": "2023-02-23"}}, {"type": "Feature", "geometry": {"type": "Point", "coordinates": [46.104252, 15.512984499999998]}, "properties": {"id": "EMIT_L1B_RAD_001_20230224T085831_2305506_022", "country": "Yemen", "n_imeo": 3, "n_cm": 2, "flux_max": 1785.1, "sector": "Oil and Gas", "split": "train", "date": "2023-02-24"}}, {"type": "Feature", "geometry": {"type": "Point", "coordinates": [-3.9286675000000004, 40.011337499999996]}, "properties": {"id": "EMIT_L1B_RAD_001_20230224T102219_2305507_003", "country": "Spain", "n_imeo": 1, "n_cm": 2, "flux_max": 5517.0, "sector": "Waste", "split": "train", "date": "2023-02-24"}}, {"type": "Feature", "geometry": {"type": "Point", "coordinates": [-98.19350800000001, 18.8466095]}, "properties": {"id": "EMIT_L1B_RAD_001_20230224T181441_2305512_037", "country": "Mexico", "n_imeo": 1, "n_cm": 1, "flux_max": 1807.0, "sector": "Waste", "split": "train", "date": "2023-02-24"}}, {"type": "Feature", "geometry": {"type": "Point", "coordinates": [35.812250000000006, 32.686265500000005]}, "properties": {"id": "EMIT_L1B_RAD_001_20230225T080531_2305605_007", "country": "Israel", "n_imeo": 2, "n_cm": 1, "flux_max": 10660.0, "sector": "Waste", "split": "train", "date": "2023-02-25"}}, {"type": "Feature", "geometry": {"type": "Point", "coordinates": [48.5005455, 32.090656]}, "properties": {"id": "EMIT_L1B_RAD_001_20230227T063221_2305804_012", "country": "Iran (Islamic Republic of)", "n_imeo": 1, "n_cm": 1, "flux_max": 1785.12, "sector": "Oil and Gas", "split": "val", "date": "2023-02-27"}}, {"type": "Feature", "geometry": {"type": "Point", "coordinates": [49.106228, 31.565588]}, "properties": {"id": "EMIT_L1B_RAD_001_20230227T063232_2305804_013", "country": "Iran (Islamic Republic of)", "n_imeo": 3, "n_cm": 1, "flux_max": 3821.0, "sector": "Oil and Gas", "split": "val", "date": "2023-02-27"}}, {"type": "Feature", "geometry": {"type": "Point", "coordinates": [-117.42607100000001, 32.693327]}, "properties": {"id": "EMIT_L1B_RAD_001_20230227T172215_2305811_009", "country": "United States of America", "n_imeo": 1, "n_cm": 1, "flux_max": 3095.0, "sector": "Waste", "split": "val", "date": "2023-02-27"}}, {"type": "Feature", "geometry": {"type": "Point", "coordinates": [-116.811485, 32.171567499999995]}, "properties": {"id": "EMIT_L1B_RAD_001_20230227T172227_2305811_010", "country": "Mexico", "n_imeo": 1, "n_cm": 1, "flux_max": 5929.0, "sector": "Waste", "split": "train", "date": "2023-02-27"}}, {"type": "Feature", "geometry": {"type": "Point", "coordinates": [-112.35914650000001, 33.451826]}, "properties": {"id": "EMIT_L1B_RAD_001_20230228T163504_2305911_003", "country": "United States of America", "n_imeo": 1, "n_cm": 2, "flux_max": 1333.0, "sector": "Waste", "split": "train", "date": "2023-02-28"}}, {"type": "Feature", "geometry": {"type": "Point", "coordinates": [-98.3698425, 19.3585685]}, "properties": {"id": "EMIT_L1B_RAD_001_20230228T164006_2305911_023", "country": "Mexico", "n_imeo": 2, "n_cm": 2, "flux_max": 9564.0, "sector": "Waste", "split": "train", "date": "2023-02-28"}}, {"type": "Feature", "geometry": {"type": "Point", "coordinates": [-71.8930015, -16.437172]}, "properties": {"id": "EMIT_L1B_RAD_001_20230228T165158_2305911_037", "country": "Peru", "n_imeo": 1, "n_cm": 1, "flux_max": 969.42, "sector": "Waste", "split": "test", "date": "2023-02-28"}}, {"type": "Feature", "geometry": {"type": "Point", "coordinates": [-71.7442325, -16.114534]}, "properties": {"id": "EMIT_L1B_RAD_001_20230304T151646_2306310_011", "country": "Peru", "n_imeo": 1, "n_cm": 1, "flux_max": 1510.0, "sector": "Waste", "split": "test", "date": "2023-03-04"}}, {"type": "Feature", "geometry": {"type": "Point", "coordinates": [-71.571991, -36.7746065]}, "properties": {"id": "EMIT_L1B_RAD_001_20230319T180013_2307811_006", "country": "Chile", "n_imeo": 1, "n_cm": 1, "flux_max": 4169.42, "sector": "Waste", "split": "train", "date": "2023-03-19"}}, {"type": "Feature", "geometry": {"type": "Point", "coordinates": [19.09538, 27.769645500000003]}, "properties": {"id": "EMIT_L1B_RAD_001_20230325T134123_2308409_033", "country": "Libya", "n_imeo": 1, "n_cm": 2, "flux_max": 1024.07, "sector": "Oil and Gas", "split": "train", "date": "2023-03-25"}}, {"type": "Feature", "geometry": {"type": "Point", "coordinates": [19.6523685, 28.3168365]}, "properties": {"id": "EMIT_L1B_RAD_001_20230325T134135_2308409_034", "country": "Libya", "n_imeo": 2, "n_cm": 1, "flux_max": 2303.9, "sector": "Oil and Gas", "split": "val", "date": "2023-03-25"}}, {"type": "Feature", "geometry": {"type": "Point", "coordinates": [5.7787515, 31.7478555]}, "properties": {"id": "EMIT_L1B_RAD_001_20230326T142844_2308510_039", "country": "Algeria", "n_imeo": 6, "n_cm": 5, "flux_max": 2610.15, "sector": "Oil and Gas", "split": "test", "date": "2023-03-26"}}, {"type": "Feature", "geometry": {"type": "Point", "coordinates": [11.167616500000001, 36.062832]}, "properties": {"id": "EMIT_L1B_RAD_001_20230326T143019_2308510_047", "country": "Tunisia", "n_imeo": 1, "n_cm": 1, "flux_max": 2705.59, "sector": "Waste", "split": "val", "date": "2023-03-26"}}, {"type": "Feature", "geometry": {"type": "Point", "coordinates": [-86.8116265, 33.27923800000001]}, "properties": {"id": "EMIT_L1B_RAD_001_20230326T204045_2308514_004", "country": "United States of America", "n_imeo": 2, "n_cm": 2, "flux_max": 1106.62, "sector": "Coal", "split": "val", "date": "2023-03-26"}}, {"type": "Feature", "geometry": {"type": "Point", "coordinates": [-81.3757705, 37.382202]}, "properties": {"id": "EMIT_L1B_RAD_001_20230326T204224_2308514_007", "country": "United States of America", "n_imeo": 2, "n_cm": 1, "flux_max": 2458.0, "sector": "Coal", "split": "train", "date": "2023-03-26"}}, {"type": "Feature", "geometry": {"type": "Point", "coordinates": [35.111765000000005, 31.5054655]}, "properties": {"id": "EMIT_L1B_RAD_001_20230327T120846_2308608_040", "country": "Israel", "n_imeo": 1, "n_cm": 1, "flux_max": 2362.3, "sector": "Waste", "split": "train", "date": "2023-03-27"}}, {"type": "Feature", "geometry": {"type": "Point", "coordinates": [83.9423525, 40.923609]}, "properties": {"id": "EMIT_L1B_RAD_001_20230329T090531_2308806_032", "country": "China", "n_imeo": 2, "n_cm": 1, "flux_max": 6300.0, "sector": "Oil and Gas", "split": "train", "date": "2023-03-29"}}, {"type": "Feature", "geometry": {"type": "Point", "coordinates": [62.438154, 38.396536]}, "properties": {"id": "EMIT_L1B_RAD_001_20230330T094958_2308907_043", "country": "Turkmenistan", "n_imeo": 1, "n_cm": 1, "flux_max": 854.16, "sector": "Oil and Gas", "split": "val", "date": "2023-03-30"}}, {"type": "Feature", "geometry": {"type": "Point", "coordinates": [5.853277, 31.211070999999997]}, "properties": {"id": "EMIT_L1B_RAD_001_20230330T125250_2308909_037", "country": "Algeria", "n_imeo": 2, "n_cm": 1, "flux_max": 2057.29, "sector": "Oil and Gas", "split": "test", "date": "2023-03-30"}}, {"type": "Feature", "geometry": {"type": "Point", "coordinates": [6.4544005, 31.738679]}, "properties": {"id": "EMIT_L1B_RAD_001_20230330T125302_2308909_038", "country": "Algeria", "n_imeo": 4, "n_cm": 4, "flux_max": 3176.58, "sector": "Oil and Gas", "split": "test", "date": "2023-03-30"}}, {"type": "Feature", "geometry": {"type": "Point", "coordinates": [5.9884055, 31.2535645]}, "properties": {"id": "EMIT_L1B_RAD_001_20230403T111837_2309308_038", "country": "Algeria", "n_imeo": 5, "n_cm": 2, "flux_max": 2747.0, "sector": "Oil and Gas", "split": "test", "date": "2023-04-03"}}, {"type": "Feature", "geometry": {"type": "Point", "coordinates": [35.2095875, 30.927867]}, "properties": {"id": "EMIT_L1B_RAD_001_20230404T085844_2309406_039", "country": "Israel", "n_imeo": 1, "n_cm": 1, "flux_max": 636.0, "sector": "Waste", "split": "train", "date": "2023-04-04"}}, {"type": "Feature", "geometry": {"type": "Point", "coordinates": [41.521800999999996, 36.0603715]}, "properties": {"id": "EMIT_L1B_RAD_001_20230404T090042_2309406_049", "country": "Syrian Arab Republic", "n_imeo": 2, "n_cm": 2, "flux_max": 1689.88, "sector": "Oil and Gas", "split": "train", "date": "2023-04-04"}}, {"type": "Feature", "geometry": {"type": "Point", "coordinates": [-121.2305415, 37.7897305]}, "properties": {"id": "EMIT_L1B_RAD_001_20230404T195131_2309413_002", "country": "United States of America", "n_imeo": 1, "n_cm": 1, "flux_max": 3578.0, "sector": "Waste", "split": "test", "date": "2023-04-04"}}, {"type": "Feature", "geometry": {"type": "Point", "coordinates": [-120.986908, 38.220439999999996]}, "properties": {"id": "EMIT_L1B_RAD_001_20230415T222345_2310515_004", "country": "United States of America", "n_imeo": 1, "n_cm": 1, "flux_max": 2943.0, "sector": "Waste", "split": "test", "date": "2023-04-15"}}, {"type": "Feature", "geometry": {"type": "Point", "coordinates": [35.442146, 31.4930735]}, "properties": {"id": "EMIT_L1B_RAD_001_20230416T122203_2310608_013", "country": "State of Palestine", "n_imeo": 1, "n_cm": 1, "flux_max": 2263.45, "sector": "Waste", "split": "train", "date": "2023-04-16"}}, {"type": "Feature", "geometry": {"type": "Point", "coordinates": [56.9472045, 48.4473095]}, "properties": {"id": "EMIT_L1B_RAD_001_20230417T082112_2310706_005", "country": "Kazakhstan", "n_imeo": 2, "n_cm": 2, "flux_max": 2102.0, "sector": "Oil and Gas", "split": "train", "date": "2023-04-17"}}, {"type": "Feature", "geometry": {"type": "Point", "coordinates": [53.783998499999996, 39.8148115]}, "properties": {"id": "EMIT_L1B_RAD_001_20230417T095836_2310707_011", "country": "Turkmenistan", "n_imeo": 21, "n_cm": 10, "flux_max": 17801.26, "sector": "Oil and Gas", "split": "train", "date": "2023-04-17"}}, {"type": "Feature", "geometry": {"type": "Point", "coordinates": [110.34254849999999, 37.720192]}, "properties": {"id": "EMIT_L1B_RAD_001_20230418T060625_2310804_019", "country": "China", "n_imeo": 11, "n_cm": 7, "flux_max": 3645.0, "sector": "Coal", "split": "train", "date": "2023-04-18"}}, {"type": "Feature", "geometry": {"type": "Point", "coordinates": [60.550304, 39.402056]}, "properties": {"id": "EMIT_L1B_RAD_001_20230418T091128_2310806_018", "country": "Turkmenistan", "n_imeo": 2, "n_cm": 2, "flux_max": 1897.52, "sector": "Oil and Gas", "split": "train", "date": "2023-04-18"}}, {"type": "Feature", "geometry": {"type": "Point", "coordinates": [63.4388105, 37.5247935]}, "properties": {"id": "EMIT_L1B_RAD_001_20230418T091216_2310806_022", "country": "Turkmenistan", "n_imeo": 1, "n_cm": 1, "flux_max": 1835.24, "sector": "Oil and Gas", "split": "train", "date": "2023-04-18"}}, {"type": "Feature", "geometry": {"type": "Point", "coordinates": [-9.0242, 38.634247]}, "properties": {"id": "EMIT_L1B_RAD_001_20230418T135016_2310809_002", "country": "Portugal", "n_imeo": 1, "n_cm": 1, "flux_max": 2640.0, "sector": "Waste", "split": "train", "date": "2023-04-18"}}, {"type": "Feature", "geometry": {"type": "Point", "coordinates": [-104.960701, 39.620823]}, "properties": {"id": "EMIT_L1B_RAD_001_20230418T200118_2310813_006", "country": "United States of America", "n_imeo": 1, "n_cm": 1, "flux_max": 1914.0, "sector": "Waste", "split": "train", "date": "2023-04-18"}}, {"type": "Feature", "geometry": {"type": "Point", "coordinates": [87.7322085, 43.9809685]}, "properties": {"id": "EMIT_L1B_RAD_001_20230420T060148_2311004_021", "country": "China", "n_imeo": 1, "n_cm": 1, "flux_max": 5211.18, "sector": "Waste", "split": "test", "date": "2023-04-20"}}, {"type": "Feature", "geometry": {"type": "Point", "coordinates": [48.6498815, 25.4325495]}, "properties": {"id": "EMIT_L1B_RAD_001_20230421T100017_2311107_025", "country": "Saudi Arabia", "n_imeo": 1, "n_cm": 1, "flux_max": 911.0, "sector": "Oil and Gas", "split": "train", "date": "2023-04-21"}}, {"type": "Feature", "geometry": {"type": "Point", "coordinates": [60.851467, 39.710254500000005]}, "properties": {"id": "EMIT_L1B_RAD_001_20230422T073437_2311205_017", "country": "Turkmenistan", "n_imeo": 4, "n_cm": 1, "flux_max": 5275.68, "sector": "Oil and Gas", "split": "train", "date": "2023-04-22"}}, {"type": "Feature", "geometry": {"type": "Point", "coordinates": [63.052482499999996, 38.321175]}, "properties": {"id": "EMIT_L1B_RAD_001_20230422T073512_2311205_020", "country": "Turkmenistan", "n_imeo": 1, "n_cm": 1, "flux_max": 752.0, "sector": "Oil and Gas", "split": "train", "date": "2023-04-22"}}, {"type": "Feature", "geometry": {"type": "Point", "coordinates": [-0.9656055, 37.904684]}, "properties": {"id": "EMIT_L1B_RAD_001_20230423T112619_2311308_005", "country": "Spain", "n_imeo": 1, "n_cm": 1, "flux_max": 2461.0, "sector": "Waste", "split": "val", "date": "2023-04-23"}}, {"type": "Feature", "geometry": {"type": "Point", "coordinates": [-112.212219, 32.8695965]}, "properties": {"id": "EMIT_L1B_RAD_001_20230423T191232_2311313_017", "country": "United States of America", "n_imeo": 1, "n_cm": 1, "flux_max": 1956.0, "sector": "Waste", "split": "train", "date": "2023-04-23"}}, {"type": "Feature", "geometry": {"type": "Point", "coordinates": [88.436138, 44.063068]}, "properties": {"id": "EMIT_L1B_RAD_001_20230424T042444_2311403_013", "country": "China", "n_imeo": 1, "n_cm": 1, "flux_max": 4131.84, "sector": "Waste", "split": "test", "date": "2023-04-24"}}, {"type": "Feature", "geometry": {"type": "Point", "coordinates": [61.5082855, 35.7912195]}, "properties": {"id": "EMIT_L1B_RAD_001_20230425T064628_2311505_021", "country": "Turkmenistan", "n_imeo": 2, "n_cm": 1, "flux_max": 1485.49, "sector": "Oil and Gas", "split": "val", "date": "2023-04-25"}}, {"type": "Feature", "geometry": {"type": "Point", "coordinates": [61.23312, 40.0701315]}, "properties": {"id": "EMIT_L1B_RAD_001_20230426T055703_2311604_008", "country": "Turkmenistan", "n_imeo": 4, "n_cm": 3, "flux_max": 5715.5, "sector": "Oil and Gas", "split": "train", "date": "2023-04-26"}}, {"type": "Feature", "geometry": {"type": "Point", "coordinates": [43.509229500000004, 36.1999165]}, "properties": {"id": "EMIT_L1B_RAD_001_20230426T073130_2311605_006", "country": "Iraq", "n_imeo": 2, "n_cm": 1, "flux_max": 2133.0, "sector": "Waste", "split": "train", "date": "2023-04-26"}}, {"type": "Feature", "geometry": {"type": "Point", "coordinates": [-106.2948685, 28.48769]}, "properties": {"id": "EMIT_L1B_RAD_001_20230427T173630_2311711_027", "country": "Mexico", "n_imeo": 1, "n_cm": 1, "flux_max": 1262.0, "sector": "Waste", "split": "train", "date": "2023-04-27"}}, {"type": "Feature", "geometry": {"type": "Point", "coordinates": [-71.6058045, -16.159117]}, "properties": {"id": "EMIT_L1B_RAD_001_20230427T175126_2311711_041", "country": "Peru", "n_imeo": 1, "n_cm": 1, "flux_max": 2044.04, "sector": "Waste", "split": "test", "date": "2023-04-27"}}, {"type": "Feature", "geometry": {"type": "Point", "coordinates": [53.9763985, 37.51943]}, "properties": {"id": "EMIT_L1B_RAD_001_20230428T055536_2311804_004", "country": "Turkmenistan", "n_imeo": 7, "n_cm": 6, "flux_max": 5686.0, "sector": "Oil and Gas", "split": "train", "date": "2023-04-28"}}, {"type": "Feature", "geometry": {"type": "Point", "coordinates": [-17.351898499999997, 14.891815000000001]}, "properties": {"id": "EMIT_L1B_RAD_001_20230428T121501_2311808_004", "country": "Senegal", "n_imeo": 1, "n_cm": 1, "flux_max": 6193.0, "sector": "Waste", "split": "test", "date": "2023-04-28"}}, {"type": "Feature", "geometry": {"type": "Point", "coordinates": [61.299349, 36.732288499999996]}, "properties": {"id": "EMIT_L1B_RAD_001_20230429T050811_2311903_007", "country": "Turkmenistan", "n_imeo": 8, "n_cm": 8, "flux_max": 8773.0, "sector": "Oil and Gas", "split": "val", "date": "2023-04-29"}}, {"type": "Feature", "geometry": {"type": "Point", "coordinates": [61.981609, 36.243145]}, "properties": {"id": "EMIT_L1B_RAD_001_20230429T050823_2311903_008", "country": "Turkmenistan", "n_imeo": 6, "n_cm": 5, "flux_max": 2055.0, "sector": "Oil and Gas", "split": "val", "date": "2023-04-29"}}, {"type": "Feature", "geometry": {"type": "Point", "coordinates": [50.190929, 25.887825999999997]}, "properties": {"id": "EMIT_L1B_RAD_001_20230429T064505_2311904_025", "country": "Bahrain", "n_imeo": 2, "n_cm": 1, "flux_max": 11409.87, "sector": "Oil and Gas", "split": "train", "date": "2023-04-29"}}, {"type": "Feature", "geometry": {"type": "Point", "coordinates": [53.243669499999996, 28.9843475]}, "properties": {"id": "EMIT_L1B_RAD_001_20230430T055620_2312004_012", "country": "Iran (Islamic Republic of)", "n_imeo": 1, "n_cm": 1, "flux_max": 603.0, "sector": "Oil and Gas", "split": "train", "date": "2023-04-30"}}, {"type": "Feature", "geometry": {"type": "Point", "coordinates": [28.7777185, 29.798211000000002]}, "properties": {"id": "EMIT_L1B_RAD_001_20230430T072853_2312005_008", "country": "Egypt", "n_imeo": 4, "n_cm": 2, "flux_max": 1615.29, "sector": "Oil and Gas", "split": "train", "date": "2023-04-30"}}, {"type": "Feature", "geometry": {"type": "Point", "coordinates": [-46.9296495, -22.766083000000002]}, "properties": {"id": "EMIT_L1B_RAD_001_20230504T135442_2312409_001", "country": "Brazil", "n_imeo": 1, "n_cm": 1, "flux_max": 2551.0, "sector": "Waste", "split": "train", "date": "2023-05-04"}}, {"type": "Feature", "geometry": {"type": "Point", "coordinates": [148.172813, -23.063758999999997]}, "properties": {"id": "EMIT_L1B_RAD_001_20230505T004444_2312416_007", "country": "Australia", "n_imeo": 4, "n_cm": 2, "flux_max": 3101.0, "sector": "Coal", "split": "val", "date": "2023-05-05"}}, {"type": "Feature", "geometry": {"type": "Point", "coordinates": [5.787812499999999, 32.089189499999996]}, "properties": {"id": "EMIT_L1B_RAD_001_20230526T142126_2314610_040", "country": "Algeria", "n_imeo": 2, "n_cm": 3, "flux_max": 2076.33, "sector": "Oil and Gas", "split": "test", "date": "2023-05-26"}}, {"type": "Feature", "geometry": {"type": "Point", "coordinates": [21.130565500000003, 29.278696]}, "properties": {"id": "EMIT_L1B_RAD_001_20230529T115740_2314908_037", "country": "Libya", "n_imeo": 3, "n_cm": 3, "flux_max": 1427.62, "sector": "Oil and Gas", "split": "train", "date": "2023-05-29"}}, {"type": "Feature", "geometry": {"type": "Point", "coordinates": [40.468441, 35.2548865]}, "properties": {"id": "EMIT_L1B_RAD_001_20230531T102439_2315107_050", "country": "Syrian Arab Republic", "n_imeo": 3, "n_cm": 4, "flux_max": 4310.73, "sector": "Oil and Gas", "split": "train", "date": "2023-05-31"}}, {"type": "Feature", "geometry": {"type": "Point", "coordinates": [47.106148000000005, 30.492264]}, "properties": {"id": "EMIT_L1B_RAD_001_20230602T084726_2315306_035", "country": "Iraq", "n_imeo": 3, "n_cm": 2, "flux_max": 4265.0, "sector": "Oil and Gas", "split": "train", "date": "2023-06-02"}}, {"type": "Feature", "geometry": {"type": "Point", "coordinates": [47.7229745, 24.988416]}, "properties": {"id": "EMIT_L1B_RAD_001_20230603T075743_2315406_022", "country": "Saudi Arabia", "n_imeo": 1, "n_cm": 1, "flux_max": 1019.86, "sector": "Oil and Gas", "split": "train", "date": "2023-06-03"}}, {"type": "Feature", "geometry": {"type": "Point", "coordinates": [60.955624, 36.6780835]}, "properties": {"id": "EMIT_L1B_RAD_001_20230603T080204_2315406_040", "country": "Turkmenistan", "n_imeo": 1, "n_cm": 1, "flux_max": 1348.97, "sector": "Oil and Gas", "split": "val", "date": "2023-06-03"}}, {"type": "Feature", "geometry": {"type": "Point", "coordinates": [28.644434500000003, 29.504610999999997]}, "properties": {"id": "EMIT_L1B_RAD_001_20230603T093209_2315407_036", "country": "Egypt", "n_imeo": 3, "n_cm": 3, "flux_max": 1964.0, "sector": "Oil and Gas", "split": "train", "date": "2023-06-03"}}, {"type": "Feature", "geometry": {"type": "Point", "coordinates": [9.6009485, 27.90983]}, "properties": {"id": "EMIT_L1B_RAD_001_20230604T101636_2315507_032", "country": "Algeria", "n_imeo": 2, "n_cm": 1, "flux_max": 911.0, "sector": "Oil and Gas", "split": "train", "date": "2023-06-04"}}, {"type": "Feature", "geometry": {"type": "Point", "coordinates": [-103.57722849999999, 32.2799165]}, "properties": {"id": "EMIT_L1B_RAD_001_20230604T180217_2315512_016", "country": "United States of America", "n_imeo": 1, "n_cm": 2, "flux_max": 1729.23, "sector": "Oil and Gas", "split": "train", "date": "2023-06-04"}}, {"type": "Feature", "geometry": {"type": "Point", "coordinates": [53.8533765, 39.389688500000005]}, "properties": {"id": "EMIT_L1B_RAD_001_20230605T080026_2315606_045", "country": "Turkmenistan", "n_imeo": 27, "n_cm": 12, "flux_max": 9858.0, "sector": "Oil and Gas", "split": "train", "date": "2023-06-05"}}, {"type": "Feature", "geometry": {"type": "Point", "coordinates": [57.7447145, 48.461406999999994]}, "properties": {"id": "EMIT_L1B_RAD_001_20230606T085011_2315706_052", "country": "Kazakhstan", "n_imeo": 1, "n_cm": 1, "flux_max": 1574.83, "sector": "Oil and Gas", "split": "train", "date": "2023-06-06"}}, {"type": "Feature", "geometry": {"type": "Point", "coordinates": [61.904968499999995, 36.459109999999995]}, "properties": {"id": "EMIT_L1B_RAD_001_20230607T062333_2315804_033", "country": "Turkmenistan", "n_imeo": 22, "n_cm": 17, "flux_max": 4502.0, "sector": "Oil and Gas", "split": "val", "date": "2023-06-07"}}, {"type": "Feature", "geometry": {"type": "Point", "coordinates": [63.9930345, 37.909701999999996]}, "properties": {"id": "EMIT_L1B_RAD_001_20230607T062409_2315804_036", "country": "Turkmenistan", "n_imeo": 2, "n_cm": 1, "flux_max": 758.0, "sector": "Oil and Gas", "split": "train", "date": "2023-06-07"}}, {"type": "Feature", "geometry": {"type": "Point", "coordinates": [64.7084925, 38.383480000000006]}, "properties": {"id": "EMIT_L1B_RAD_001_20230607T062420_2315804_037", "country": "Turkmenistan", "n_imeo": 3, "n_cm": 4, "flux_max": 3339.03, "sector": "Oil and Gas", "split": "train", "date": "2023-06-07"}}, {"type": "Feature", "geometry": {"type": "Point", "coordinates": [6.79716, 29.95357]}, "properties": {"id": "EMIT_L1B_RAD_001_20230607T092641_2315806_029", "country": "Algeria", "n_imeo": 3, "n_cm": 3, "flux_max": 1718.39, "sector": "Oil and Gas", "split": "train", "date": "2023-06-07"}}, {"type": "Feature", "geometry": {"type": "Point", "coordinates": [-103.31044399999999, 31.439159500000002]}, "properties": {"id": "EMIT_L1B_RAD_001_20230608T162322_2315911_014", "country": "United States of America", "n_imeo": 1, "n_cm": 7, "flux_max": 1639.79, "sector": "Oil and Gas", "split": "train", "date": "2023-06-08"}}, {"type": "Feature", "geometry": {"type": "Point", "coordinates": [87.3701935, 43.986560999999995]}, "properties": {"id": "EMIT_L1B_RAD_001_20230609T045106_2316003_039", "country": "China", "n_imeo": 1, "n_cm": 1, "flux_max": 4616.0, "sector": "Waste", "split": "test", "date": "2023-06-09"}}, {"type": "Feature", "geometry": {"type": "Point", "coordinates": [74.6028175, 31.688007]}, "properties": {"id": "EMIT_L1B_RAD_001_20230610T035759_2316103_008", "country": "Pakistan", "n_imeo": 1, "n_cm": 1, "flux_max": 1882.0, "sector": "Waste", "split": "train", "date": "2023-06-10"}}, {"type": "Feature", "geometry": {"type": "Point", "coordinates": [65.97052400000001, 38.3155345]}, "properties": {"id": "EMIT_L1B_RAD_001_20230611T044526_2316203_013", "country": "Uzbekistan", "n_imeo": 2, "n_cm": 3, "flux_max": 1179.84, "sector": "Oil and Gas", "split": "train", "date": "2023-06-11"}}, {"type": "Feature", "geometry": {"type": "Point", "coordinates": [94.5149385, 37.4474065]}, "properties": {"id": "EMIT_L1B_RAD_001_20230612T022418_2316302_003", "country": "China", "n_imeo": 5, "n_cm": 1, "flux_max": 4095.94, "sector": "Oil and Gas", "split": "train", "date": "2023-06-12"}}, {"type": "Feature", "geometry": {"type": "Point", "coordinates": [61.5210455, 36.4530585]}, "properties": {"id": "EMIT_L1B_RAD_001_20230613T111348_2316407_023", "country": "Turkmenistan", "n_imeo": 12, "n_cm": 9, "flux_max": 3710.08, "sector": "Oil and Gas", "split": "val", "date": "2023-06-13"}}, {"type": "Feature", "geometry": {"type": "Point", "coordinates": [61.541107, 40.494952999999995]}, "properties": {"id": "EMIT_L1B_RAD_001_20230614T102403_2316507_024", "country": "Turkmenistan", "n_imeo": 3, "n_cm": 1, "flux_max": 5673.0, "sector": "Oil and Gas", "split": "train", "date": "2023-06-14"}}, {"type": "Feature", "geometry": {"type": "Point", "coordinates": [57.57462099999999, 39.907337]}, "properties": {"id": "EMIT_L1B_RAD_001_20230617T093336_2316806_023", "country": "Turkmenistan", "n_imeo": 1, "n_cm": 1, "flux_max": 949.77, "sector": "Oil and Gas", "split": "train", "date": "2023-06-17"}}, {"type": "Feature", "geometry": {"type": "Point", "coordinates": [53.692539, 39.0968895]}, "properties": {"id": "EMIT_L1B_RAD_001_20230620T084414_2317106_010", "country": "Turkmenistan", "n_imeo": 31, "n_cm": 15, "flux_max": 6149.97, "sector": "Oil and Gas", "split": "train", "date": "2023-06-20"}}, {"type": "Feature", "geometry": {"type": "Point", "coordinates": [-100.894932, 31.1502655]}, "properties": {"id": "EMIT_L1B_RAD_001_20230620T193708_2317113_025", "country": "United States of America", "n_imeo": 6, "n_cm": 7, "flux_max": 4359.74, "sector": "Oil and Gas", "split": "test", "date": "2023-06-20"}}, {"type": "Feature", "geometry": {"type": "Point", "coordinates": [4.2972165, 32.414345]}, "properties": {"id": "EMIT_L1B_RAD_001_20230622T115014_2317308_009", "country": "Algeria", "n_imeo": 2, "n_cm": 1, "flux_max": 833.27, "sector": "Oil and Gas", "split": "train", "date": "2023-06-22"}}, {"type": "Feature", "geometry": {"type": "Point", "coordinates": [7.2777705, 29.764242]}, "properties": {"id": "EMIT_L1B_RAD_001_20230622T115113_2317308_014", "country": "Algeria", "n_imeo": 2, "n_cm": 2, "flux_max": 930.07, "sector": "Oil and Gas", "split": "train", "date": "2023-06-22"}}, {"type": "Feature", "geometry": {"type": "Point", "coordinates": [47.836565, 25.1626445]}, "properties": {"id": "EMIT_L1B_RAD_001_20230624T084444_2317506_027", "country": "Saudi Arabia", "n_imeo": 1, "n_cm": 1, "flux_max": 1889.55, "sector": "Oil and Gas", "split": "train", "date": "2023-06-24"}}, {"type": "Feature", "geometry": {"type": "Point", "coordinates": [52.5210725, 43.6564195]}, "properties": {"id": "EMIT_L1B_RAD_001_20230625T061649_2317604_010", "country": "Kazakhstan", "n_imeo": 4, "n_cm": 3, "flux_max": 1250.92, "sector": "Oil and Gas", "split": "test", "date": "2023-06-25"}}, {"type": "Feature", "geometry": {"type": "Point", "coordinates": [60.4193745, 39.397526]}, "properties": {"id": "EMIT_L1B_RAD_001_20230625T061846_2317604_017", "country": "Turkmenistan", "n_imeo": 2, "n_cm": 2, "flux_max": 910.0, "sector": "Oil and Gas", "split": "train", "date": "2023-06-25"}}, {"type": "Feature", "geometry": {"type": "Point", "coordinates": [40.4923705, 36.980383]}, "properties": {"id": "EMIT_L1B_RAD_001_20230625T075236_2317605_004", "country": "T\u00fcrkiye", "n_imeo": 1, "n_cm": 1, "flux_max": 829.0, "sector": "Waste", "split": "train", "date": "2023-06-25"}}, {"type": "Feature", "geometry": {"type": "Point", "coordinates": [41.179455000000004, 36.493458000000004]}, "properties": {"id": "EMIT_L1B_RAD_001_20230625T075248_2317605_005", "country": "Syrian Arab Republic", "n_imeo": 3, "n_cm": 1, "flux_max": 2157.2, "sector": "Oil and Gas", "split": "train", "date": "2023-06-25"}}, {"type": "Feature", "geometry": {"type": "Point", "coordinates": [6.2063109999999995, 31.7329425]}, "properties": {"id": "EMIT_L1B_RAD_001_20230626T101232_2317707_010", "country": "Algeria", "n_imeo": 5, "n_cm": 5, "flux_max": 2214.59, "sector": "Oil and Gas", "split": "test", "date": "2023-06-26"}}, {"type": "Feature", "geometry": {"type": "Point", "coordinates": [87.920952, 43.925869]}, "properties": {"id": "EMIT_L1B_RAD_001_20230627T030822_2317802_006", "country": "China", "n_imeo": 1, "n_cm": 1, "flux_max": 4868.0, "sector": "Waste", "split": "test", "date": "2023-06-27"}}, {"type": "Feature", "geometry": {"type": "Point", "coordinates": [21.371589, 29.2246035]}, "properties": {"id": "EMIT_L1B_RAD_001_20230628T083753_2317906_005", "country": "Libya", "n_imeo": 3, "n_cm": 2, "flux_max": 3510.0, "sector": "Oil and Gas", "split": "train", "date": "2023-06-28"}}, {"type": "Feature", "geometry": {"type": "Point", "coordinates": [109.004593, 39.273773000000006]}, "properties": {"id": "EMIT_L1B_RAD_001_20230629T013453_2318001_005", "country": "China", "n_imeo": 2, "n_cm": 3, "flux_max": 2465.84, "sector": "Oil and Gas", "split": "train", "date": "2023-06-29"}}, {"type": "Feature", "geometry": {"type": "Point", "coordinates": [63.7638075, 38.028301]}, "properties": {"id": "EMIT_L1B_RAD_001_20230629T044101_2318003_007", "country": "Turkmenistan", "n_imeo": 5, "n_cm": 4, "flux_max": 2128.0, "sector": "Oil and Gas", "split": "train", "date": "2023-06-29"}}, {"type": "Feature", "geometry": {"type": "Point", "coordinates": [41.006386, 37.463154]}, "properties": {"id": "EMIT_L1B_RAD_001_20230629T061404_2318004_003", "country": "T\u00fcrkiye", "n_imeo": 2, "n_cm": 1, "flux_max": 734.0, "sector": "Waste", "split": "train", "date": "2023-06-29"}}, {"type": "Feature", "geometry": {"type": "Point", "coordinates": [50.160753, 30.1604945]}, "properties": {"id": "EMIT_L1B_RAD_001_20230629T061650_2318004_017", "country": "Iran (Islamic Republic of)", "n_imeo": 6, "n_cm": 6, "flux_max": 11262.06, "sector": "Oil and Gas", "split": "val", "date": "2023-06-29"}}, {"type": "Feature", "geometry": {"type": "Point", "coordinates": [51.80163, 28.6187865]}, "properties": {"id": "EMIT_L1B_RAD_001_20230629T061727_2318004_018", "country": "Iran (Islamic Republic of)", "n_imeo": 4, "n_cm": 1, "flux_max": 2739.0, "sector": "Oil and Gas", "split": "test", "date": "2023-06-29"}}, {"type": "Feature", "geometry": {"type": "Point", "coordinates": [-71.22921400000001, -16.221034500000002]}, "properties": {"id": "EMIT_L1B_RAD_001_20230723T173639_2320411_009", "country": "Peru", "n_imeo": 1, "n_cm": 1, "flux_max": 3168.0, "sector": "Waste", "split": "test", "date": "2023-07-23"}}, {"type": "Feature", "geometry": {"type": "Point", "coordinates": [61.56588, 36.121568499999995]}, "properties": {"id": "EMIT_L1B_RAD_001_20230726T105355_2320707_043", "country": "Turkmenistan", "n_imeo": 4, "n_cm": 2, "flux_max": 5175.76, "sector": "Oil and Gas", "split": "val", "date": "2023-07-26"}}, {"type": "Feature", "geometry": {"type": "Point", "coordinates": [54.107561000000004, 38.8304465]}, "properties": {"id": "EMIT_L1B_RAD_001_20230728T105313_2320907_043", "country": "Turkmenistan", "n_imeo": 7, "n_cm": 5, "flux_max": 6912.74, "sector": "Oil and Gas", "split": "train", "date": "2023-07-28"}}, {"type": "Feature", "geometry": {"type": "Point", "coordinates": [62.1597595, 40.0580025]}, "properties": {"id": "EMIT_L1B_RAD_001_20230729T100630_2321007_051", "country": "Turkmenistan", "n_imeo": 4, "n_cm": 2, "flux_max": 2362.0, "sector": "Oil and Gas", "split": "train", "date": "2023-07-29"}}, {"type": "Feature", "geometry": {"type": "Point", "coordinates": [-112.5805435, 33.3075275]}, "properties": {"id": "EMIT_L1B_RAD_001_20230729T205342_2321014_008", "country": "United States of America", "n_imeo": 2, "n_cm": 2, "flux_max": 1596.27, "sector": "Waste", "split": "train", "date": "2023-07-29"}}, {"type": "Feature", "geometry": {"type": "Point", "coordinates": [7.216039, 29.56981]}, "properties": {"id": "EMIT_L1B_RAD_001_20230730T122047_2321108_035", "country": "Algeria", "n_imeo": 2, "n_cm": 3, "flux_max": 1522.0, "sector": "Oil and Gas", "split": "train", "date": "2023-07-30"}}, {"type": "Feature", "geometry": {"type": "Point", "coordinates": [-4.8619415, 34.247656]}, "properties": {"id": "EMIT_L1B_RAD_001_20230731T130804_2321209_016", "country": "Morocco", "n_imeo": 1, "n_cm": 1, "flux_max": 1179.06, "sector": "Waste", "split": "val", "date": "2023-07-31"}}, {"type": "Feature", "geometry": {"type": "Point", "coordinates": [54.5427055, 38.647102000000004]}, "properties": {"id": "EMIT_L1B_RAD_001_20230801T091648_2321306_042", "country": "Turkmenistan", "n_imeo": 9, "n_cm": 6, "flux_max": 12288.56, "sector": "Oil and Gas", "split": "train", "date": "2023-08-01"}}, {"type": "Feature", "geometry": {"type": "Point", "coordinates": [48.789215, 29.285966000000002]}, "properties": {"id": "EMIT_L1B_RAD_001_20230802T082547_2321406_032", "country": "Iran (Islamic Republic of)", "n_imeo": 2, "n_cm": 3, "flux_max": 2625.98, "sector": "Oil and Gas", "split": "train", "date": "2023-08-02"}}, {"type": "Feature", "geometry": {"type": "Point", "coordinates": [23.005646, 40.7361625]}, "properties": {"id": "EMIT_L1B_RAD_001_20230803T104831_2321507_044", "country": "Greece", "n_imeo": 1, "n_cm": 1, "flux_max": 3746.77, "sector": "Waste", "split": "train", "date": "2023-08-03"}}, {"type": "Feature", "geometry": {"type": "Point", "coordinates": [44.3382855, 35.18819]}, "properties": {"id": "EMIT_L1B_RAD_001_20230804T082559_2321606_043", "country": "Iraq", "n_imeo": 2, "n_cm": 2, "flux_max": 2952.46, "sector": "Waste", "split": "train", "date": "2023-08-04"}}, {"type": "Feature", "geometry": {"type": "Point", "coordinates": [35.4281635, 32.210612]}, "properties": {"id": "EMIT_L1B_RAD_001_20230807T073523_2321905_030", "country": "State of Palestine", "n_imeo": 1, "n_cm": 1, "flux_max": 1237.09, "sector": "Waste", "split": "train", "date": "2023-08-07"}}, {"type": "Feature", "geometry": {"type": "Point", "coordinates": [72.87937199999999, 33.578699]}, "properties": {"id": "EMIT_L1B_RAD_001_20230809T042815_2322103_015", "country": "Pakistan", "n_imeo": 1, "n_cm": 1, "flux_max": 2868.0, "sector": "Waste", "split": "train", "date": "2023-08-09"}}, {"type": "Feature", "geometry": {"type": "Point", "coordinates": [19.867098, 28.386951500000002]}, "properties": {"id": "EMIT_L1B_RAD_001_20230809T073200_2322105_004", "country": "Libya", "n_imeo": 3, "n_cm": 1, "flux_max": 1904.78, "sector": "Oil and Gas", "split": "val", "date": "2023-08-09"}}, {"type": "Feature", "geometry": {"type": "Point", "coordinates": [17.8710695, 50.199768]}, "properties": {"id": "EMIT_L1B_RAD_001_20230815T105056_2322707_004", "country": "Poland", "n_imeo": 17, "n_cm": 7, "flux_max": 5463.0, "sector": "Coal", "split": "train", "date": "2023-08-15"}}, {"type": "Feature", "geometry": {"type": "Point", "coordinates": [-7.798546, 31.8160095]}, "properties": {"id": "EMIT_L1B_RAD_001_20230816T145203_2322810_003", "country": "Morocco", "n_imeo": 1, "n_cm": 1, "flux_max": 1161.01, "sector": "Waste", "split": "val", "date": "2023-08-16"}}, {"type": "Feature", "geometry": {"type": "Point", "coordinates": [57.731846000000004, 40.000093500000006]}, "properties": {"id": "EMIT_L1B_RAD_001_20230817T092316_2322906_017", "country": "Turkmenistan", "n_imeo": 1, "n_cm": 1, "flux_max": 1041.87, "sector": "Oil and Gas", "split": "train", "date": "2023-08-17"}}, {"type": "Feature", "geometry": {"type": "Point", "coordinates": [-101.20217500000001, 35.802753499999994]}, "properties": {"id": "EMIT_L1B_RAD_001_20230817T201510_2322913_010", "country": "United States of America", "n_imeo": 1, "n_cm": 1, "flux_max": 5026.79, "sector": "Other", "split": "test", "date": "2023-08-17"}}, {"type": "Feature", "geometry": {"type": "Point", "coordinates": [-0.48585550000000005, 35.5471705]}, "properties": {"id": "EMIT_L1B_RAD_001_20230818T131654_2323009_003", "country": "Algeria", "n_imeo": 2, "n_cm": 2, "flux_max": 3402.0, "sector": "Waste", "split": "train", "date": "2023-08-18"}}, {"type": "Feature", "geometry": {"type": "Point", "coordinates": [7.476572, 28.765641000000002]}, "properties": {"id": "EMIT_L1B_RAD_001_20230818T131928_2323009_016", "country": "Algeria", "n_imeo": 5, "n_cm": 3, "flux_max": 3621.88, "sector": "Oil and Gas", "split": "train", "date": "2023-08-18"}}, {"type": "Feature", "geometry": {"type": "Point", "coordinates": [11.339732999999999, 45.469994]}, "properties": {"id": "EMIT_L1B_RAD_001_20230819T105239_2323107_006", "country": "Italy", "n_imeo": 1, "n_cm": 1, "flux_max": 2914.0, "sector": "Waste", "split": "train", "date": "2023-08-19"}}, {"type": "Feature", "geometry": {"type": "Point", "coordinates": [57.268533500000004, 47.9661655]}, "properties": {"id": "EMIT_L1B_RAD_001_20230820T065830_2323205_006", "country": "Kazakhstan", "n_imeo": 2, "n_cm": 3, "flux_max": 901.0, "sector": "Oil and Gas", "split": "train", "date": "2023-08-20"}}, {"type": "Feature", "geometry": {"type": "Point", "coordinates": [-101.8325805, 31.755412]}, "properties": {"id": "EMIT_L1B_RAD_001_20230820T192855_2323213_028", "country": "United States of America", "n_imeo": 2, "n_cm": 4, "flux_max": 3327.98, "sector": "Oil and Gas", "split": "train", "date": "2023-08-20"}}, {"type": "Feature", "geometry": {"type": "Point", "coordinates": [73.0035745, 33.7240905]}, "properties": {"id": "EMIT_L1B_RAD_001_20230822T070411_2323405_034", "country": "Pakistan", "n_imeo": 1, "n_cm": 1, "flux_max": 962.0, "sector": "Waste", "split": "train", "date": "2023-08-22"}}, {"type": "Feature", "geometry": {"type": "Point", "coordinates": [-121.93042, 38.222244]}, "properties": {"id": "EMIT_L1B_RAD_001_20230822T192519_2323413_002", "country": "United States of America", "n_imeo": 2, "n_cm": 2, "flux_max": 1315.0, "sector": "Waste", "split": "train", "date": "2023-08-22"}}, {"type": "Feature", "geometry": {"type": "Point", "coordinates": [11.9630905, 45.360353]}, "properties": {"id": "EMIT_L1B_RAD_001_20230823T091747_2323506_002", "country": "Italy", "n_imeo": 1, "n_cm": 2, "flux_max": 2665.0, "sector": "Waste", "split": "train", "date": "2023-08-23"}}, {"type": "Feature", "geometry": {"type": "Point", "coordinates": [53.689697499999994, 39.224358]}, "properties": {"id": "EMIT_L1B_RAD_001_20230824T070049_2323605_010", "country": "Turkmenistan", "n_imeo": 29, "n_cm": 18, "flux_max": 7181.0, "sector": "Oil and Gas", "split": "train", "date": "2023-08-24"}}, {"type": "Feature", "geometry": {"type": "Point", "coordinates": [54.421829, 38.7611695]}, "properties": {"id": "EMIT_L1B_RAD_001_20230824T070101_2323605_011", "country": "Turkmenistan", "n_imeo": 10, "n_cm": 7, "flux_max": 12307.11, "sector": "Oil and Gas", "split": "train", "date": "2023-08-24"}}, {"type": "Feature", "geometry": {"type": "Point", "coordinates": [-102.083748, 32.319885]}, "properties": {"id": "EMIT_L1B_RAD_001_20230824T175337_2323612_023", "country": "United States of America", "n_imeo": 6, "n_cm": 6, "flux_max": 5443.1, "sector": "Oil and Gas", "split": "train", "date": "2023-08-24"}}, {"type": "Feature", "geometry": {"type": "Point", "coordinates": [-101.470619, 31.790865]}, "properties": {"id": "EMIT_L1B_RAD_001_20230824T175349_2323612_024", "country": "United States of America", "n_imeo": 3, "n_cm": 4, "flux_max": 1459.0, "sector": "Oil and Gas", "split": "train", "date": "2023-08-24"}}, {"type": "Feature", "geometry": {"type": "Point", "coordinates": [55.341341, 22.6363785]}, "properties": {"id": "EMIT_L1B_RAD_001_20230825T075245_2323705_024", "country": "Oman", "n_imeo": 1, "n_cm": 1, "flux_max": 490.9, "sector": "Oil and Gas", "split": "train", "date": "2023-08-25"}}, {"type": "Feature", "geometry": {"type": "Point", "coordinates": [3.5522545, 33.0618955]}, "properties": {"id": "EMIT_L1B_RAD_001_20230826T100723_2323807_007", "country": "Algeria", "n_imeo": 2, "n_cm": 1, "flux_max": 645.0, "sector": "Oil and Gas", "split": "train", "date": "2023-08-26"}}, {"type": "Feature", "geometry": {"type": "Point", "coordinates": [4.1719355, 32.5435925]}, "properties": {"id": "EMIT_L1B_RAD_001_20230826T100735_2323807_008", "country": "Algeria", "n_imeo": 2, "n_cm": 1, "flux_max": 1863.0, "sector": "Oil and Gas", "split": "train", "date": "2023-08-26"}}, {"type": "Feature", "geometry": {"type": "Point", "coordinates": [7.158462999999999, 29.899694500000003]}, "properties": {"id": "EMIT_L1B_RAD_001_20230826T100834_2323807_013", "country": "Algeria", "n_imeo": 2, "n_cm": 2, "flux_max": 1391.78, "sector": "Oil and Gas", "split": "train", "date": "2023-08-26"}}, {"type": "Feature", "geometry": {"type": "Point", "coordinates": [47.311612999999994, 25.577241]}, "properties": {"id": "EMIT_L1B_RAD_001_20230828T070235_2324005_017", "country": "Saudi Arabia", "n_imeo": 1, "n_cm": 1, "flux_max": 1558.64, "sector": "Oil and Gas", "split": "train", "date": "2023-08-28"}}, {"type": "Feature", "geometry": {"type": "Point", "coordinates": [-71.7701565, -16.3404525]}, "properties": {"id": "EMIT_L1B_RAD_001_20230907T131657_2325009_007", "country": "Peru", "n_imeo": 1, "n_cm": 1, "flux_max": 3680.44, "sector": "Waste", "split": "test", "date": "2023-09-07"}}, {"type": "Feature", "geometry": {"type": "Point", "coordinates": [7.837954, 28.5068745]}, "properties": {"id": "EMIT_L1B_RAD_001_20230922T144828_2326510_033", "country": "Algeria", "n_imeo": 1, "n_cm": 3, "flux_max": 1378.02, "sector": "Oil and Gas", "split": "train", "date": "2023-09-22"}}, {"type": "Feature", "geometry": {"type": "Point", "coordinates": [60.947727, 37.86026]}, "properties": {"id": "EMIT_L1B_RAD_001_20230925T105811_2326807_042", "country": "Turkmenistan", "n_imeo": 1, "n_cm": 1, "flux_max": 1351.48, "sector": "Oil and Gas", "split": "train", "date": "2023-09-25"}}, {"type": "Feature", "geometry": {"type": "Point", "coordinates": [5.9768865, 31.9071455]}, "properties": {"id": "EMIT_L1B_RAD_001_20230925T140134_2326809_039", "country": "Algeria", "n_imeo": 6, "n_cm": 4, "flux_max": 2326.37, "sector": "Oil and Gas", "split": "test", "date": "2023-09-25"}}, {"type": "Feature", "geometry": {"type": "Point", "coordinates": [34.722212, 31.1307065]}, "properties": {"id": "EMIT_L1B_RAD_001_20230926T114119_2326908_039", "country": "Israel", "n_imeo": 2, "n_cm": 2, "flux_max": 2586.45, "sector": "Waste", "split": "train", "date": "2023-09-26"}}, {"type": "Feature", "geometry": {"type": "Point", "coordinates": [41.0793895, 36.2536525]}, "properties": {"id": "EMIT_L1B_RAD_001_20230926T114317_2326908_049", "country": "Syrian Arab Republic", "n_imeo": 2, "n_cm": 3, "flux_max": 5016.99, "sector": "Oil and Gas", "split": "train", "date": "2023-09-26"}}, {"type": "Feature", "geometry": {"type": "Point", "coordinates": [73.18360899999999, 33.4945315]}, "properties": {"id": "EMIT_L1B_RAD_001_20230928T083457_2327106_016", "country": "Pakistan", "n_imeo": 1, "n_cm": 1, "flux_max": 1375.0, "sector": "Waste", "split": "train", "date": "2023-09-28"}}, {"type": "Feature", "geometry": {"type": "Point", "coordinates": [6.3073885, 31.7225725]}, "properties": {"id": "EMIT_L1B_RAD_001_20230929T122534_2327208_039", "country": "Algeria", "n_imeo": 5, "n_cm": 3, "flux_max": 2079.13, "sector": "Oil and Gas", "split": "test", "date": "2023-09-29"}}, {"type": "Feature", "geometry": {"type": "Point", "coordinates": [110.89656049999999, 38.9516755]}, "properties": {"id": "EMIT_L1B_RAD_001_20231003T044139_2327603_015", "country": "China", "n_imeo": 2, "n_cm": 2, "flux_max": 2421.0, "sector": "Coal", "split": "test", "date": "2023-10-03"}}, {"type": "Feature", "geometry": {"type": "Point", "coordinates": [65.5622405, 40.0959455]}, "properties": {"id": "EMIT_L1B_RAD_001_20231003T074752_2327605_047", "country": "Uzbekistan", "n_imeo": 1, "n_cm": 1, "flux_max": 668.0, "sector": "Oil and Gas", "split": "train", "date": "2023-10-03"}}, {"type": "Feature", "geometry": {"type": "Point", "coordinates": [40.902922000000004, 35.2985175]}, "properties": {"id": "EMIT_L1B_RAD_001_20231004T083136_2327706_048", "country": "Syrian Arab Republic", "n_imeo": 3, "n_cm": 6, "flux_max": 3371.41, "sector": "Oil and Gas", "split": "train", "date": "2023-10-04"}}, {"type": "Feature", "geometry": {"type": "Point", "coordinates": [-103.953064, 32.68824]}, "properties": {"id": "EMIT_L1B_RAD_001_20231004T174744_2327712_017", "country": "United States of America", "n_imeo": 4, "n_cm": 5, "flux_max": 3830.78, "sector": "Oil and Gas", "split": "train", "date": "2023-10-04"}}, {"type": "Feature", "geometry": {"type": "Point", "coordinates": [3.1579125, 33.1930695]}, "properties": {"id": "EMIT_L1B_RAD_001_20231006T100206_2327907_040", "country": "Algeria", "n_imeo": 1, "n_cm": 3, "flux_max": 2823.57, "sector": "Oil and Gas", "split": "train", "date": "2023-10-06"}}, {"type": "Feature", "geometry": {"type": "Point", "coordinates": [51.907869500000004, 29.1988325]}, "properties": {"id": "EMIT_L1B_RAD_001_20231007T060739_2328004_016", "country": "Iran (Islamic Republic of)", "n_imeo": 2, "n_cm": 2, "flux_max": 2644.0, "sector": "Oil and Gas", "split": "test", "date": "2023-10-07"}}, {"type": "Feature", "geometry": {"type": "Point", "coordinates": [62.9611795, 38.05810150000001]}, "properties": {"id": "EMIT_L1B_RAD_001_20231007T061104_2328004_032", "country": "Turkmenistan", "n_imeo": 2, "n_cm": 2, "flux_max": 624.97, "sector": "Oil and Gas", "split": "train", "date": "2023-10-07"}}, {"type": "Feature", "geometry": {"type": "Point", "coordinates": [64.4070565, 38.9972935]}, "properties": {"id": "EMIT_L1B_RAD_001_20231007T061128_2328004_034", "country": "Uzbekistan", "n_imeo": 3, "n_cm": 3, "flux_max": 1996.39, "sector": "Oil and Gas", "split": "train", "date": "2023-10-07"}}, {"type": "Feature", "geometry": {"type": "Point", "coordinates": [-104.33639500000001, 31.7787545]}, "properties": {"id": "EMIT_L1B_RAD_001_20231008T161115_2328111_015", "country": "United States of America", "n_imeo": 1, "n_cm": 2, "flux_max": 555.0, "sector": "Oil and Gas", "split": "train", "date": "2023-10-08"}}, {"type": "Feature", "geometry": {"type": "Point", "coordinates": [-103.7274285, 32.303135499999996]}, "properties": {"id": "EMIT_L1B_RAD_001_20231008T161127_2328111_016", "country": "United States of America", "n_imeo": 4, "n_cm": 9, "flux_max": 2152.06, "sector": "Oil and Gas", "split": "train", "date": "2023-10-08"}}, {"type": "Feature", "geometry": {"type": "Point", "coordinates": [53.8121185, 39.5181105]}, "properties": {"id": "EMIT_L1B_RAD_001_20231009T060956_2328204_031", "country": "Turkmenistan", "n_imeo": 21, "n_cm": 15, "flux_max": 7575.0, "sector": "Oil and Gas", "split": "train", "date": "2023-10-09"}}, {"type": "Feature", "geometry": {"type": "Point", "coordinates": [47.354335500000005, 29.9302135]}, "properties": {"id": "EMIT_L1B_RAD_001_20231010T051848_2328304_003", "country": "Iraq", "n_imeo": 3, "n_cm": 2, "flux_max": 3847.0, "sector": "Oil and Gas", "split": "train", "date": "2023-10-10"}}, {"type": "Feature", "geometry": {"type": "Point", "coordinates": [47.9385185, 30.4660855]}, "properties": {"id": "EMIT_L1B_RAD_001_20231010T051900_2328304_004", "country": "Iraq", "n_imeo": 2, "n_cm": 1, "flux_max": 2402.62, "sector": "Oil and Gas", "split": "train", "date": "2023-10-10"}}, {"type": "Feature", "geometry": {"type": "Point", "coordinates": [3.445289, 32.816208]}, "properties": {"id": "EMIT_L1B_RAD_001_20231010T082533_2328306_006", "country": "Algeria", "n_imeo": 5, "n_cm": 1, "flux_max": 3664.0, "sector": "Oil and Gas", "split": "train", "date": "2023-10-10"}}, {"type": "Feature", "geometry": {"type": "Point", "coordinates": [63.30294, 37.99494]}, "properties": {"id": "EMIT_L1B_RAD_001_20231014T101606_2328707_022", "country": "Turkmenistan", "n_imeo": 6, "n_cm": 6, "flux_max": 2650.0, "sector": "Oil and Gas", "split": "train", "date": "2023-10-14"}}, {"type": "Feature", "geometry": {"type": "Point", "coordinates": [94.02441400000001, 37.325832500000004]}, "properties": {"id": "EMIT_L1B_RAD_001_20231015T075558_2328805_028", "country": "China", "n_imeo": 4, "n_cm": 3, "flux_max": 3868.87, "sector": "Oil and Gas", "split": "val", "date": "2023-10-15"}}, {"type": "Feature", "geometry": {"type": "Point", "coordinates": [66.218666, 40.032198]}, "properties": {"id": "EMIT_L1B_RAD_001_20231015T092740_2328806_023", "country": "Uzbekistan", "n_imeo": 1, "n_cm": 1, "flux_max": 1057.6, "sector": "Oil and Gas", "split": "train", "date": "2023-10-15"}}, {"type": "Feature", "geometry": {"type": "Point", "coordinates": [-112.51301950000001, 32.936809499999995]}, "properties": {"id": "EMIT_L1B_RAD_001_20231015T215309_2328814_017", "country": "United States of America", "n_imeo": 1, "n_cm": 1, "flux_max": 729.0, "sector": "Waste", "split": "train", "date": "2023-10-15"}}, {"type": "Feature", "geometry": {"type": "Point", "coordinates": [49.1925315, 31.4852305]}, "properties": {"id": "EMIT_L1B_RAD_001_20231018T101343_2329107_017", "country": "Iran (Islamic Republic of)", "n_imeo": 6, "n_cm": 6, "flux_max": 5470.89, "sector": "Oil and Gas", "split": "val", "date": "2023-10-18"}}, {"type": "Feature", "geometry": {"type": "Point", "coordinates": [85.0416755, 45.7483805]}, "properties": {"id": "EMIT_L1B_RAD_001_20231020T052729_2329304_010", "country": "China", "n_imeo": 4, "n_cm": 1, "flux_max": 10239.0, "sector": "Oil and Gas", "split": "val", "date": "2023-10-20"}}, {"type": "Feature", "geometry": {"type": "Point", "coordinates": [69.2816655, 42.222023]}, "properties": {"id": "EMIT_L1B_RAD_001_20231020T070209_2329305_019", "country": "Kazakhstan", "n_imeo": 1, "n_cm": 1, "flux_max": 955.0, "sector": "Waste", "split": "train", "date": "2023-10-20"}}, {"type": "Feature", "geometry": {"type": "Point", "coordinates": [64.99843200000001, 46.6419795]}, "properties": {"id": "EMIT_L1B_RAD_001_20231021T061256_2329404_004", "country": "Kazakhstan", "n_imeo": 2, "n_cm": 1, "flux_max": 1917.0, "sector": "Oil and Gas", "split": "val", "date": "2023-10-21"}}, {"type": "Feature", "geometry": {"type": "Point", "coordinates": [111.284813, 38.48132699999999]}, "properties": {"id": "EMIT_L1B_RAD_001_20231022T035702_2329503_010", "country": "China", "n_imeo": 4, "n_cm": 3, "flux_max": 3058.84, "sector": "Coal", "split": "test", "date": "2023-10-22"}}, {"type": "Feature", "geometry": {"type": "Point", "coordinates": [43.5583095, 36.369049000000004]}, "properties": {"id": "EMIT_L1B_RAD_001_20231022T083633_2329506_005", "country": "Iraq", "n_imeo": 1, "n_cm": 1, "flux_max": 526.0, "sector": "Waste", "split": "train", "date": "2023-10-22"}}, {"type": "Feature", "geometry": {"type": "Point", "coordinates": [48.719984, 32.312649]}, "properties": {"id": "EMIT_L1B_RAD_001_20231022T083808_2329506_013", "country": "Iran (Islamic Republic of)", "n_imeo": 1, "n_cm": 1, "flux_max": 1203.36, "sector": "Oil and Gas", "split": "val", "date": "2023-10-22"}}, {"type": "Feature", "geometry": {"type": "Point", "coordinates": [27.714591, 30.012514]}, "properties": {"id": "EMIT_L1B_RAD_001_20231022T101151_2329507_011", "country": "Egypt", "n_imeo": 1, "n_cm": 1, "flux_max": 2980.42, "sector": "Oil and Gas", "split": "train", "date": "2023-10-22"}}, {"type": "Feature", "geometry": {"type": "Point", "coordinates": [28.2928285, 29.4747295]}, "properties": {"id": "EMIT_L1B_RAD_001_20231022T101203_2329507_012", "country": "Egypt", "n_imeo": 3, "n_cm": 2, "flux_max": 1059.0, "sector": "Oil and Gas", "split": "train", "date": "2023-10-22"}}, {"type": "Feature", "geometry": {"type": "Point", "coordinates": [53.432152, 37.853067499999995]}, "properties": {"id": "EMIT_L1B_RAD_001_20231024T070157_2329705_004", "country": "Turkmenistan", "n_imeo": 2, "n_cm": 5, "flux_max": 5188.25, "sector": "Oil and Gas", "split": "train", "date": "2023-10-24"}}, {"type": "Feature", "geometry": {"type": "Point", "coordinates": [61.411567500000004, 40.4029825]}, "properties": {"id": "EMIT_L1B_RAD_001_20231026T052647_2329904_002", "country": "Turkmenistan", "n_imeo": 3, "n_cm": 3, "flux_max": 2373.0, "sector": "Oil and Gas", "split": "train", "date": "2023-10-26"}}, {"type": "Feature", "geometry": {"type": "Point", "coordinates": [62.1713845, 39.953244999999995]}, "properties": {"id": "EMIT_L1B_RAD_001_20231026T052659_2329904_003", "country": "Turkmenistan", "n_imeo": 3, "n_cm": 2, "flux_max": 1407.0, "sector": "Oil and Gas", "split": "train", "date": "2023-10-26"}}, {"type": "Feature", "geometry": {"type": "Point", "coordinates": [64.3880255, 38.572025]}, "properties": {"id": "EMIT_L1B_RAD_001_20231026T052735_2329904_006", "country": "Turkmenistan", "n_imeo": 4, "n_cm": 2, "flux_max": 2607.15, "sector": "Oil and Gas", "split": "train", "date": "2023-10-26"}}, {"type": "Feature", "geometry": {"type": "Point", "coordinates": [49.01186, 32.4425925]}, "properties": {"id": "EMIT_L1B_RAD_001_20231026T070253_2329905_013", "country": "Iran (Islamic Republic of)", "n_imeo": 1, "n_cm": 1, "flux_max": 743.35, "sector": "Oil and Gas", "split": "val", "date": "2023-10-26"}}, {"type": "Feature", "geometry": {"type": "Point", "coordinates": [28.857111, 29.36269]}, "properties": {"id": "EMIT_L1B_RAD_001_20231026T083653_2329906_010", "country": "Egypt", "n_imeo": 3, "n_cm": 2, "flux_max": 1758.0, "sector": "Oil and Gas", "split": "train", "date": "2023-10-26"}}, {"type": "Feature", "geometry": {"type": "Point", "coordinates": [-87.2444535, 33.0357685]}, "properties": {"id": "EMIT_L1B_RAD_001_20231027T153239_2330010_003", "country": "United States of America", "n_imeo": 9, "n_cm": 1, "flux_max": 3171.0, "sector": "Coal", "split": "val", "date": "2023-10-27"}}, {"type": "Feature", "geometry": {"type": "Point", "coordinates": [42.595276, 33.215104999999994]}, "properties": {"id": "EMIT_L1B_RAD_001_20231029T061404_2330204_003", "country": "Iraq", "n_imeo": 3, "n_cm": 2, "flux_max": 1924.0, "sector": "Oil and Gas", "split": "train", "date": "2023-10-29"}}, {"type": "Feature", "geometry": {"type": "Point", "coordinates": [-70.547623, -34.2893695]}, "properties": {"id": "EMIT_L1B_RAD_001_20231122T160053_2332610_024", "country": "Chile", "n_imeo": 1, "n_cm": 1, "flux_max": 452.0, "sector": "Waste", "split": "val", "date": "2023-11-22"}}, {"type": "Feature", "geometry": {"type": "Point", "coordinates": [-59.0234735, -34.6774425]}, "properties": {"id": "EMIT_L1B_RAD_001_20231124T142642_2332809_049", "country": "Argentina", "n_imeo": 2, "n_cm": 3, "flux_max": 6141.0, "sector": "Waste", "split": "train", "date": "2023-11-24"}}, {"type": "Feature", "geometry": {"type": "Point", "coordinates": [6.853149, 29.4701425]}, "properties": {"id": "EMIT_L1B_RAD_001_20231126T131420_2333009_034", "country": "Algeria", "n_imeo": 1, "n_cm": 1, "flux_max": 1013.32, "sector": "Oil and Gas", "split": "train", "date": "2023-11-26"}}, {"type": "Feature", "geometry": {"type": "Point", "coordinates": [148.54615, -23.287784000000002]}, "properties": {"id": "EMIT_L1B_RAD_001_20231128T234458_2333215_021", "country": "Australia", "n_imeo": 7, "n_cm": 2, "flux_max": 3275.08, "sector": "Coal", "split": "val", "date": "2023-11-28"}}, {"type": "Feature", "geometry": {"type": "Point", "coordinates": [-101.8128165, 31.735214999999997]}, "properties": {"id": "EMIT_L1B_RAD_001_20231201T183549_2333512_016", "country": "United States of America", "n_imeo": 7, "n_cm": 8, "flux_max": 6303.0, "sector": "Oil and Gas", "split": "train", "date": "2023-12-01"}}, {"type": "Feature", "geometry": {"type": "Point", "coordinates": [50.919737, 35.810649999999995]}, "properties": {"id": "EMIT_L1B_RAD_001_20231202T083256_2333606_041", "country": "Iran (Islamic Republic of)", "n_imeo": 2, "n_cm": 2, "flux_max": 2349.0, "sector": "Waste", "split": "test", "date": "2023-12-02"}}, {"type": "Feature", "geometry": {"type": "Point", "coordinates": [54.1267435, 38.0649645]}, "properties": {"id": "EMIT_L1B_RAD_001_20231202T083351_2333606_044", "country": "Turkmenistan", "n_imeo": 18, "n_cm": 11, "flux_max": 23923.94, "sector": "Oil and Gas", "split": "train", "date": "2023-12-02"}}, {"type": "Feature", "geometry": {"type": "Point", "coordinates": [55.0354515, 38.659519]}, "properties": {"id": "EMIT_L1B_RAD_001_20231202T083403_2333606_045", "country": "Turkmenistan", "n_imeo": 3, "n_cm": 2, "flux_max": 4781.49, "sector": "Oil and Gas", "split": "train", "date": "2023-12-02"}}, {"type": "Feature", "geometry": {"type": "Point", "coordinates": [-101.696995, 31.0266875]}, "properties": {"id": "EMIT_L1B_RAD_001_20231205T165825_2333911_013", "country": "United States of America", "n_imeo": 8, "n_cm": 6, "flux_max": 4371.0, "sector": "Oil and Gas", "split": "test", "date": "2023-12-05"}}, {"type": "Feature", "geometry": {"type": "Point", "coordinates": [73.489639, 19.091935]}, "properties": {"id": "EMIT_L1B_RAD_001_20231224T070006_2335805_005", "country": "India", "n_imeo": 1, "n_cm": 1, "flux_max": 937.31, "sector": "Waste", "split": "train", "date": "2023-12-24"}}, {"type": "Feature", "geometry": {"type": "Point", "coordinates": [-58.7640155, -34.882427]}, "properties": {"id": "EMIT_L1B_RAD_001_20231226T180707_2336012_008", "country": "Argentina", "n_imeo": 2, "n_cm": 3, "flux_max": 13066.0, "sector": "Waste", "split": "train", "date": "2023-12-26"}}, {"type": "Feature", "geometry": {"type": "Point", "coordinates": [-58.618862, -34.5035345]}, "properties": {"id": "EMIT_L1B_RAD_001_20231230T163055_2336411_005", "country": "Argentina", "n_imeo": 3, "n_cm": 3, "flux_max": 5599.4, "sector": "Waste", "split": "train", "date": "2023-12-30"}}, {"type": "Feature", "geometry": {"type": "Point", "coordinates": [-71.1269645, -33.6390725]}, "properties": {"id": "EMIT_L1B_RAD_001_20240101T162847_2400111_001", "country": "Chile", "n_imeo": 1, "n_cm": 1, "flux_max": 2562.0, "sector": "Waste", "split": "val", "date": "2024-01-01"}}, {"type": "Feature", "geometry": {"type": "Point", "coordinates": [-70.4900625, -34.14764]}, "properties": {"id": "EMIT_L1B_RAD_001_20240101T162859_2400111_002", "country": "Chile", "n_imeo": 1, "n_cm": 1, "flux_max": 2361.95, "sector": "Waste", "split": "val", "date": "2024-01-01"}}, {"type": "Feature", "geometry": {"type": "Point", "coordinates": [112.48630499999999, -7.3735715]}, "properties": {"id": "EMIT_L1B_RAD_001_20240104T013445_2400401_003", "country": "Indonesia", "n_imeo": 2, "n_cm": 1, "flux_max": 1265.0, "sector": "Waste", "split": "train", "date": "2024-01-04"}}, {"type": "Feature", "geometry": {"type": "Point", "coordinates": [18.7999605, -33.5988555]}, "properties": {"id": "EMIT_L1B_RAD_001_20240108T075100_2400805_007", "country": "South Africa", "n_imeo": 1, "n_cm": 1, "flux_max": 3977.0, "sector": "Waste", "split": "train", "date": "2024-01-08"}}, {"type": "Feature", "geometry": {"type": "Point", "coordinates": [-72.08297, -36.263408999999996]}, "properties": {"id": "EMIT_L1B_RAD_001_20240108T140323_2400809_003", "country": "Chile", "n_imeo": 1, "n_cm": 1, "flux_max": 4650.26, "sector": "Waste", "split": "train", "date": "2024-01-08"}}, {"type": "Feature", "geometry": {"type": "Point", "coordinates": [-70.7177925, -32.530057]}, "properties": {"id": "EMIT_L1B_RAD_001_20240109T131423_2400908_003", "country": "Chile", "n_imeo": 1, "n_cm": 1, "flux_max": 11545.0, "sector": "Waste", "split": "train", "date": "2024-01-09"}}, {"type": "Feature", "geometry": {"type": "Point", "coordinates": [-59.112406, -34.473236]}, "properties": {"id": "EMIT_L1B_RAD_001_20240112T185917_2401212_016", "country": "Argentina", "n_imeo": 1, "n_cm": 2, "flux_max": 12864.83, "sector": "Waste", "split": "train", "date": "2024-01-12"}}, {"type": "Feature", "geometry": {"type": "Point", "coordinates": [-71.9676895, -35.3671]}, "properties": {"id": "EMIT_L1B_RAD_001_20240114T185814_2401412_006", "country": "Chile", "n_imeo": 1, "n_cm": 1, "flux_max": 2331.2, "sector": "Waste", "split": "train", "date": "2024-01-14"}}, {"type": "Feature", "geometry": {"type": "Point", "coordinates": [-73.21805950000001, -36.536865500000005]}, "properties": {"id": "EMIT_L1B_RAD_001_20240118T172300_2401811_004", "country": "Chile", "n_imeo": 1, "n_cm": 1, "flux_max": 5218.03, "sector": "Waste", "split": "train", "date": "2024-01-18"}}, {"type": "Feature", "geometry": {"type": "Point", "coordinates": [-71.874241, -35.5542925]}, "properties": {"id": "EMIT_L1B_RAD_001_20240118T172324_2401811_006", "country": "Chile", "n_imeo": 1, "n_cm": 1, "flux_max": 1814.99, "sector": "Waste", "split": "train", "date": "2024-01-18"}}, {"type": "Feature", "geometry": {"type": "Point", "coordinates": [-72.97195400000001, -36.714529]}, "properties": {"id": "EMIT_L1B_RAD_001_20240122T154730_2402210_006", "country": "Chile", "n_imeo": 1, "n_cm": 1, "flux_max": 4583.0, "sector": "Waste", "split": "train", "date": "2024-01-22"}}, {"type": "Feature", "geometry": {"type": "Point", "coordinates": [-71.6210595, -35.7354565]}, "properties": {"id": "EMIT_L1B_RAD_001_20240122T154754_2402210_008", "country": "Chile", "n_imeo": 1, "n_cm": 1, "flux_max": 2813.0, "sector": "Waste", "split": "train", "date": "2024-01-22"}}, {"type": "Feature", "geometry": {"type": "Point", "coordinates": [7.256259999999999, 28.9213575]}, "properties": {"id": "EMIT_L1B_RAD_001_20240126T130103_2402609_005", "country": "Algeria", "n_imeo": 1, "n_cm": 2, "flux_max": 1925.07, "sector": "Oil and Gas", "split": "train", "date": "2024-01-26"}}, {"type": "Feature", "geometry": {"type": "Point", "coordinates": [-71.92623499999999, -36.4517765]}, "properties": {"id": "EMIT_L1B_RAD_001_20240126T141129_2402609_019", "country": "Chile", "n_imeo": 1, "n_cm": 1, "flux_max": 1673.0, "sector": "Waste", "split": "train", "date": "2024-01-26"}}, {"type": "Feature", "geometry": {"type": "Point", "coordinates": [28.2248795, -26.624128499999998]}, "properties": {"id": "EMIT_L1B_RAD_001_20240129T071545_2402904_038", "country": "South Africa", "n_imeo": 1, "n_cm": 1, "flux_max": 6690.0, "sector": "Waste", "split": "val", "date": "2024-01-29"}}, {"type": "Feature", "geometry": {"type": "Point", "coordinates": [-87.4800185, 33.5975895]}, "properties": {"id": "EMIT_L1B_RAD_001_20240129T182622_2402912_015", "country": "United States of America", "n_imeo": 8, "n_cm": 4, "flux_max": 2007.02, "sector": "Coal", "split": "val", "date": "2024-01-29"}}, {"type": "Feature", "geometry": {"type": "Point", "coordinates": [111.7619975, 36.97319]}, "properties": {"id": "EMIT_L1B_RAD_001_20240130T051752_2403004_008", "country": "China", "n_imeo": 4, "n_cm": 2, "flux_max": 5053.0, "sector": "Coal", "split": "train", "date": "2024-01-30"}}, {"type": "Feature", "geometry": {"type": "Point", "coordinates": [7.725799500000001, 29.043061]}, "properties": {"id": "EMIT_L1B_RAD_001_20240130T112621_2403008_007", "country": "Algeria", "n_imeo": 2, "n_cm": 2, "flux_max": 1622.09, "sector": "Oil and Gas", "split": "train", "date": "2024-01-30"}}, {"type": "Feature", "geometry": {"type": "Point", "coordinates": [-80.729649, 34.235862999999995]}, "properties": {"id": "EMIT_L1B_RAD_001_20240130T173950_2403012_012", "country": "United States of America", "n_imeo": 4, "n_cm": 2, "flux_max": 2566.41, "sector": "Waste", "split": "train", "date": "2024-01-30"}}, {"type": "Feature", "geometry": {"type": "Point", "coordinates": [53.827242, 37.6369495]}, "properties": {"id": "EMIT_L1B_RAD_001_20240201T082310_2403206_029", "country": "Turkmenistan", "n_imeo": 11, "n_cm": 9, "flux_max": 10825.4, "sector": "Oil and Gas", "split": "train", "date": "2024-02-01"}}, {"type": "Feature", "geometry": {"type": "Point", "coordinates": [54.5351105, 38.112734]}, "properties": {"id": "EMIT_L1B_RAD_001_20240201T082322_2403206_030", "country": "Turkmenistan", "n_imeo": 3, "n_cm": 2, "flux_max": 1643.0, "sector": "Oil and Gas", "split": "train", "date": "2024-02-01"}}, {"type": "Feature", "geometry": {"type": "Point", "coordinates": [-87.20867150000001, 33.603361]}, "properties": {"id": "EMIT_L1B_RAD_001_20240202T165156_2403311_010", "country": "United States of America", "n_imeo": 16, "n_cm": 4, "flux_max": 6678.0, "sector": "Coal", "split": "val", "date": "2024-02-02"}}, {"type": "Feature", "geometry": {"type": "Point", "coordinates": [112.982311, 37.6263715]}, "properties": {"id": "EMIT_L1B_RAD_001_20240203T034339_2403403_012", "country": "China", "n_imeo": 5, "n_cm": 3, "flux_max": 8302.0, "sector": "Coal", "split": "train", "date": "2024-02-03"}}, {"type": "Feature", "geometry": {"type": "Point", "coordinates": [-81.41708, 33.447094]}, "properties": {"id": "EMIT_L1B_RAD_001_20240203T160459_2403411_009", "country": "United States of America", "n_imeo": 1, "n_cm": 1, "flux_max": 1713.03, "sector": "Waste", "split": "train", "date": "2024-02-03"}}, {"type": "Feature", "geometry": {"type": "Point", "coordinates": [-80.7839965, 33.9595585]}, "properties": {"id": "EMIT_L1B_RAD_001_20240203T160511_2403411_010", "country": "United States of America", "n_imeo": 1, "n_cm": 1, "flux_max": 3905.28, "sector": "Waste", "split": "train", "date": "2024-02-03"}}, {"type": "Feature", "geometry": {"type": "Point", "coordinates": [-86.167599, 38.473127500000004]}, "properties": {"id": "EMIT_L1B_RAD_001_20240205T160557_2403611_027", "country": "United States of America", "n_imeo": 1, "n_cm": 1, "flux_max": 3389.41, "sector": "Waste", "split": "train", "date": "2024-02-05"}}, {"type": "Feature", "geometry": {"type": "Point", "coordinates": [-103.3964615, 32.511321]}, "properties": {"id": "EMIT_L1B_RAD_001_20240212T214820_2404314_023", "country": "United States of America", "n_imeo": 4, "n_cm": 3, "flux_max": 1535.32, "sector": "Oil and Gas", "split": "val", "date": "2024-02-12"}}, {"type": "Feature", "geometry": {"type": "Point", "coordinates": [-102.1803855, 31.4629155]}, "properties": {"id": "EMIT_L1B_RAD_001_20240212T214843_2404314_025", "country": "United States of America", "n_imeo": 4, "n_cm": 2, "flux_max": 12214.38, "sector": "Oil and Gas", "split": "train", "date": "2024-02-12"}}, {"type": "Feature", "geometry": {"type": "Point", "coordinates": [58.106653, 39.561546500000006]}, "properties": {"id": "EMIT_L1B_RAD_001_20240213T100819_2404407_005", "country": "Turkmenistan", "n_imeo": 1, "n_cm": 1, "flux_max": 455.0, "sector": "Oil and Gas", "split": "train", "date": "2024-02-13"}}, {"type": "Feature", "geometry": {"type": "Point", "coordinates": [74.6091235, 31.904170999999998]}, "properties": {"id": "EMIT_L1B_RAD_001_20240214T092407_2404506_020", "country": "Pakistan", "n_imeo": 1, "n_cm": 1, "flux_max": 3573.77, "sector": "Waste", "split": "train", "date": "2024-02-14"}}, {"type": "Feature", "geometry": {"type": "Point", "coordinates": [-7.8859165, 32.134375500000004]}, "properties": {"id": "EMIT_L1B_RAD_001_20240216T140040_2404709_004", "country": "Morocco", "n_imeo": 1, "n_cm": 1, "flux_max": 2343.65, "sector": "Waste", "split": "val", "date": "2024-02-16"}}, {"type": "Feature", "geometry": {"type": "Point", "coordinates": [112.36651950000001, 35.6628625]}, "properties": {"id": "EMIT_L1B_RAD_001_20240217T052731_2404804_010", "country": "China", "n_imeo": 22, "n_cm": 14, "flux_max": 37397.43, "sector": "Coal", "split": "train", "date": "2024-02-17"}}, {"type": "Feature", "geometry": {"type": "Point", "coordinates": [116.19489300000001, 32.5943645]}, "properties": {"id": "EMIT_L1B_RAD_001_20240217T052842_2404804_016", "country": "China", "n_imeo": 7, "n_cm": 3, "flux_max": 3652.0, "sector": "Coal", "split": "train", "date": "2024-02-17"}}, {"type": "Feature", "geometry": {"type": "Point", "coordinates": [46.0282955, 31.604318499999998]}, "properties": {"id": "EMIT_L1B_RAD_001_20240217T100752_2404807_010", "country": "Iraq", "n_imeo": 0, "n_cm": 0, "flux_max": null, "sector": "", "split": "train", "date": "2024-02-17"}}, {"type": "Feature", "geometry": {"type": "Point", "coordinates": [12.3954785, -6.760289500000001]}, "properties": {"id": "EMIT_L1B_RAD_001_20240218T141154_2404909_014", "country": "Angola", "n_imeo": 1, "n_cm": 1, "flux_max": 8133.0, "sector": "Oil and Gas", "split": "train", "date": "2024-02-18"}}, {"type": "Feature", "geometry": {"type": "Point", "coordinates": [-83.89946, 32.9788625]}, "properties": {"id": "EMIT_L1B_RAD_001_20240223T161201_2405411_018", "country": "United States of America", "n_imeo": 1, "n_cm": 1, "flux_max": 4935.1, "sector": "Waste", "split": "val", "date": "2024-02-23"}}, {"type": "Feature", "geometry": {"type": "Point", "coordinates": [71.5656395, 25.641245]}, "properties": {"id": "EMIT_L1B_RAD_001_20240224T061016_2405504_011", "country": "India", "n_imeo": 2, "n_cm": 1, "flux_max": 2055.0, "sector": "Oil and Gas", "split": "train", "date": "2024-02-24"}}, {"type": "Feature", "geometry": {"type": "Point", "coordinates": [112.4411205, 36.4274865]}, "properties": {"id": "EMIT_L1B_RAD_001_20240225T021349_2405602_006", "country": "China", "n_imeo": 16, "n_cm": 4, "flux_max": 5780.0, "sector": "Coal", "split": "train", "date": "2024-02-25"}}, {"type": "Feature", "geometry": {"type": "Point", "coordinates": [113.11627949999999, 35.936785]}, "properties": {"id": "EMIT_L1B_RAD_001_20240225T021401_2405602_007", "country": "China", "n_imeo": 11, "n_cm": 6, "flux_max": 7516.0, "sector": "Coal", "split": "train", "date": "2024-02-25"}}, {"type": "Feature", "geometry": {"type": "Point", "coordinates": [76.1701315, 27.0142185]}, "properties": {"id": "EMIT_L1B_RAD_001_20240225T052304_2405604_002", "country": "India", "n_imeo": 1, "n_cm": 1, "flux_max": 2705.24, "sector": "Waste", "split": "val", "date": "2024-02-25"}}, {"type": "Feature", "geometry": {"type": "Point", "coordinates": [33.217329, 28.67982]}, "properties": {"id": "EMIT_L1B_RAD_001_20240226T074131_2405705_010", "country": "Egypt", "n_imeo": 0, "n_cm": 0, "flux_max": null, "sector": "", "split": "train", "date": "2024-02-26"}}, {"type": "Feature", "geometry": {"type": "Point", "coordinates": [6.2540955, 31.757537]}, "properties": {"id": "EMIT_L1B_RAD_001_20240226T091316_2405706_006", "country": "Algeria", "n_imeo": 6, "n_cm": 3, "flux_max": 2791.0, "sector": "Oil and Gas", "split": "test", "date": "2024-02-26"}}, {"type": "Feature", "geometry": {"type": "Point", "coordinates": [11.638199499999999, 26.679957]}, "properties": {"id": "EMIT_L1B_RAD_001_20240226T091507_2405706_014", "country": "Libya", "n_imeo": 0, "n_cm": 0, "flux_max": null, "sector": "", "split": "train", "date": "2024-02-26"}}, {"type": "Feature", "geometry": {"type": "Point", "coordinates": [-102.25251, 22.245947]}, "properties": {"id": "EMIT_L1B_RAD_001_20240226T170104_2405711_013", "country": "Mexico", "n_imeo": 1, "n_cm": 1, "flux_max": 2050.0, "sector": "Waste", "split": "test", "date": "2024-02-26"}}, {"type": "Feature", "geometry": {"type": "Point", "coordinates": [-101.751766, 21.674743499999998]}, "properties": {"id": "EMIT_L1B_RAD_001_20240226T170116_2405711_014", "country": "Mexico", "n_imeo": 1, "n_cm": 1, "flux_max": 1679.0, "sector": "Waste", "split": "val", "date": "2024-02-26"}}, {"type": "Feature", "geometry": {"type": "Point", "coordinates": [-100.7628825, 20.5273355]}, "properties": {"id": "EMIT_L1B_RAD_001_20240226T170140_2405711_016", "country": "Mexico", "n_imeo": 1, "n_cm": 1, "flux_max": 1491.18, "sector": "Waste", "split": "test", "date": "2024-02-26"}}, {"type": "Feature", "geometry": {"type": "Point", "coordinates": [-72.01856599999999, -35.4295465]}, "properties": {"id": "EMIT_L1B_RAD_001_20240227T180646_2405812_003", "country": "Chile", "n_imeo": 1, "n_cm": 1, "flux_max": 1705.01, "sector": "Waste", "split": "train", "date": "2024-02-27"}}, {"type": "Feature", "geometry": {"type": "Point", "coordinates": [71.7434195, 25.681916]}, "properties": {"id": "EMIT_L1B_RAD_001_20240228T043557_2405903_006", "country": "India", "n_imeo": 2, "n_cm": 1, "flux_max": 3818.0, "sector": "Oil and Gas", "split": "train", "date": "2024-02-28"}}, {"type": "Feature", "geometry": {"type": "Point", "coordinates": [32.769215, 16.149058]}, "properties": {"id": "EMIT_L1B_RAD_001_20240228T074504_2405905_007", "country": "Sudan", "n_imeo": 0, "n_cm": 0, "flux_max": null, "sector": "", "split": "train", "date": "2024-02-28"}}, {"type": "Feature", "geometry": {"type": "Point", "coordinates": [-99.7088585, 19.643278000000002]}, "properties": {"id": "EMIT_L1B_RAD_001_20240301T152718_2406110_005", "country": "Mexico", "n_imeo": 2, "n_cm": 1, "flux_max": 1081.0, "sector": "Waste", "split": "train", "date": "2024-03-01"}}, {"type": "Feature", "geometry": {"type": "Point", "coordinates": [-71.746376, -35.382149]}, "properties": {"id": "EMIT_L1B_RAD_001_20240302T163158_2406211_004", "country": "Chile", "n_imeo": 1, "n_cm": 1, "flux_max": 3354.16, "sector": "Waste", "split": "train", "date": "2024-03-02"}}, {"type": "Feature", "geometry": {"type": "Point", "coordinates": [-71.460636, -35.244924499999996]}, "properties": {"id": "EMIT_L1B_RAD_001_20240306T145639_2406610_006", "country": "Chile", "n_imeo": 1, "n_cm": 1, "flux_max": 2840.14, "sector": "Waste", "split": "train", "date": "2024-03-06"}}, {"type": "Feature", "geometry": {"type": "Point", "coordinates": [-63.8780555, -31.604654000000004]}, "properties": {"id": "EMIT_L1B_RAD_001_20240308T132102_2406809_010", "country": "Argentina", "n_imeo": 1, "n_cm": 1, "flux_max": 2203.13, "sector": "Waste", "split": "train", "date": "2024-03-08"}}, {"type": "Feature", "geometry": {"type": "Point", "coordinates": [-71.81460949999999, -36.5095365]}, "properties": {"id": "EMIT_L1B_RAD_001_20240312T195224_2407212_006", "country": "Chile", "n_imeo": 1, "n_cm": 1, "flux_max": 2213.0, "sector": "Waste", "split": "train", "date": "2024-03-12"}}, {"type": "Feature", "geometry": {"type": "Point", "coordinates": [-71.939762, -36.7800615]}, "properties": {"id": "EMIT_L1B_RAD_001_20240316T181754_2407611_006", "country": "Chile", "n_imeo": 1, "n_cm": 1, "flux_max": 4168.82, "sector": "Waste", "split": "train", "date": "2024-03-16"}}, {"type": "Feature", "geometry": {"type": "Point", "coordinates": [-51.930056, -30.1122415]}, "properties": {"id": "EMIT_L1B_RAD_001_20240318T164726_2407810_030", "country": "Brazil", "n_imeo": 1, "n_cm": 1, "flux_max": 3654.0, "sector": "Waste", "split": "train", "date": "2024-03-18"}}, {"type": "Feature", "geometry": {"type": "Point", "coordinates": [-51.35105900000001, -29.5754565]}, "properties": {"id": "EMIT_L1B_RAD_001_20240318T164738_2407810_031", "country": "Brazil", "n_imeo": 1, "n_cm": 1, "flux_max": 2257.0, "sector": "Waste", "split": "train", "date": "2024-03-18"}}, {"type": "Feature", "geometry": {"type": "Point", "coordinates": [-67.1650125, 10.281181]}, "properties": {"id": "EMIT_L1B_RAD_001_20240322T183311_2408212_002", "country": "Venezuela", "n_imeo": 1, "n_cm": 1, "flux_max": 1008.0, "sector": "Waste", "split": "train", "date": "2024-03-22"}}, {"type": "Feature", "geometry": {"type": "Point", "coordinates": [50.3057765, 29.945542000000003]}, "properties": {"id": "EMIT_L1B_RAD_001_20240323T114142_2408308_012", "country": "Iran (Islamic Republic of)", "n_imeo": 2, "n_cm": 1, "flux_max": 1646.0, "sector": "Oil and Gas", "split": "val", "date": "2024-03-23"}}, {"type": "Feature", "geometry": {"type": "Point", "coordinates": [50.8905715, 30.481025000000002]}, "properties": {"id": "EMIT_L1B_RAD_001_20240323T114153_2408308_013", "country": "Iran (Islamic Republic of)", "n_imeo": 3, "n_cm": 1, "flux_max": 5753.0, "sector": "Oil and Gas", "split": "val", "date": "2024-03-23"}}, {"type": "Feature", "geometry": {"type": "Point", "coordinates": [-87.660534, 33.22748]}, "properties": {"id": "EMIT_L1B_RAD_001_20240323T210012_2408314_008", "country": "United States of America", "n_imeo": 4, "n_cm": 1, "flux_max": 3317.75, "sector": "Coal", "split": "val", "date": "2024-03-23"}}, {"type": "Feature", "geometry": {"type": "Point", "coordinates": [150.3076475, -33.989153]}, "properties": {"id": "EMIT_L1B_RAD_001_20240325T002900_2408415_021", "country": "Australia", "n_imeo": 2, "n_cm": 1, "flux_max": 1477.0, "sector": "Waste", "split": "train", "date": "2024-03-25"}}, {"type": "Feature", "geometry": {"type": "Point", "coordinates": [151.565872, -32.9641495]}, "properties": {"id": "EMIT_L1B_RAD_001_20240325T002924_2408415_023", "country": "Australia", "n_imeo": 2, "n_cm": 1, "flux_max": 1313.0, "sector": "Coal", "split": "test", "date": "2024-03-25"}}, {"type": "Feature", "geometry": {"type": "Point", "coordinates": [54.209926499999995, 37.675566]}, "properties": {"id": "EMIT_L1B_RAD_001_20240326T105701_2408607_027", "country": "Turkmenistan", "n_imeo": 5, "n_cm": 6, "flux_max": 4786.0, "sector": "Oil and Gas", "split": "train", "date": "2024-03-26"}}, {"type": "Feature", "geometry": {"type": "Point", "coordinates": [-53.5187705, -31.835908]}, "properties": {"id": "EMIT_L1B_RAD_001_20240326T133849_2408608_026", "country": "Brazil", "n_imeo": 1, "n_cm": 1, "flux_max": 1643.0, "sector": "Waste", "split": "train", "date": "2024-03-26"}}, {"type": "Feature", "geometry": {"type": "Point", "coordinates": [95.5444905, 27.859971]}, "properties": {"id": "EMIT_L1B_RAD_001_20240327T070034_2408705_007", "country": "India", "n_imeo": 1, "n_cm": 1, "flux_max": 961.0, "sector": "Oil and Gas", "split": "train", "date": "2024-03-27"}}, {"type": "Feature", "geometry": {"type": "Point", "coordinates": [5.715395, 32.0392935]}, "properties": {"id": "EMIT_L1B_RAD_001_20240327T131334_2408709_001", "country": "Algeria", "n_imeo": 3, "n_cm": 2, "flux_max": 2181.0, "sector": "Oil and Gas", "split": "test", "date": "2024-03-27"}}, {"type": "Feature", "geometry": {"type": "Point", "coordinates": [113.2461545, 37.547546499999996]}, "properties": {"id": "EMIT_L1B_RAD_001_20240328T061714_2408804_012", "country": "China", "n_imeo": 21, "n_cm": 6, "flux_max": 18024.04, "sector": "Coal", "split": "train", "date": "2024-03-28"}}, {"type": "Feature", "geometry": {"type": "Point", "coordinates": [35.287731, 32.0385905]}, "properties": {"id": "EMIT_L1B_RAD_001_20240328T105340_2408807_024", "country": "State of Palestine", "n_imeo": 2, "n_cm": 1, "flux_max": 1452.79, "sector": "Waste", "split": "train", "date": "2024-03-28"}}, {"type": "Feature", "geometry": {"type": "Point", "coordinates": [7.567009499999999, 28.258485999999998]}, "properties": {"id": "EMIT_L1B_RAD_001_20240328T122508_2408808_003", "country": "Algeria", "n_imeo": 2, "n_cm": 4, "flux_max": 2805.1, "sector": "Oil and Gas", "split": "train", "date": "2024-03-28"}}, {"type": "Feature", "geometry": {"type": "Point", "coordinates": [77.260864, 13.049368000000001]}, "properties": {"id": "EMIT_L1B_RAD_001_20240330T060707_2409004_005", "country": "India", "n_imeo": 1, "n_cm": 1, "flux_max": 6650.0, "sector": "Waste", "split": "train", "date": "2024-03-30"}}, {"type": "Feature", "geometry": {"type": "Point", "coordinates": [5.861652, 31.738614499999997]}, "properties": {"id": "EMIT_L1B_RAD_001_20240331T113753_2409108_006", "country": "Algeria", "n_imeo": 9, "n_cm": 5, "flux_max": 3051.0, "sector": "Oil and Gas", "split": "test", "date": "2024-03-31"}}, {"type": "Feature", "geometry": {"type": "Point", "coordinates": [35.326257999999996, 31.574406000000003]}, "properties": {"id": "EMIT_L1B_RAD_001_20240401T091746_2409206_026", "country": "Israel", "n_imeo": 2, "n_cm": 2, "flux_max": 3862.84, "sector": "Waste", "split": "train", "date": "2024-04-01"}}, {"type": "Feature", "geometry": {"type": "Point", "coordinates": [39.976721, 35.3641775]}, "properties": {"id": "EMIT_L1B_RAD_001_20240401T091915_2409206_030", "country": "Syrian Arab Republic", "n_imeo": 4, "n_cm": 1, "flux_max": 838.82, "sector": "Oil and Gas", "split": "train", "date": "2024-04-01"}}, {"type": "Feature", "geometry": {"type": "Point", "coordinates": [6.4663365, 31.6759975]}, "properties": {"id": "EMIT_L1B_RAD_001_20240404T100146_2409507_007", "country": "Algeria", "n_imeo": 5, "n_cm": 3, "flux_max": 2458.9, "sector": "Oil and Gas", "split": "test", "date": "2024-04-04"}}, {"type": "Feature", "geometry": {"type": "Point", "coordinates": [112.852913, 36.3862975]}, "properties": {"id": "EMIT_L1B_RAD_001_20240405T030455_2409602_011", "country": "China", "n_imeo": 34, "n_cm": 19, "flux_max": 14008.0, "sector": "Coal", "split": "train", "date": "2024-04-05"}}, {"type": "Feature", "geometry": {"type": "Point", "coordinates": [72.6692085, 49.6612735]}, "properties": {"id": "EMIT_L1B_RAD_001_20240405T075023_2409605_035", "country": "Kazakhstan", "n_imeo": 5, "n_cm": 1, "flux_max": 1680.0, "sector": "Coal", "split": "test", "date": "2024-04-05"}}, {"type": "Feature", "geometry": {"type": "Point", "coordinates": [60.935542999999996, 40.7005975]}, "properties": {"id": "EMIT_L1B_RAD_001_20240407T061035_2409804_018", "country": "Turkmenistan", "n_imeo": 1, "n_cm": 1, "flux_max": 271.36, "sector": "Oil and Gas", "split": "train", "date": "2024-04-07"}}, {"type": "Feature", "geometry": {"type": "Point", "coordinates": [111.1969795, 38.869253]}, "properties": {"id": "EMIT_L1B_RAD_001_20240408T021647_2409902_005", "country": "China", "n_imeo": 3, "n_cm": 1, "flux_max": 1659.0, "sector": "Coal", "split": "test", "date": "2024-04-08"}}, {"type": "Feature", "geometry": {"type": "Point", "coordinates": [87.92782600000001, 43.6864705]}, "properties": {"id": "EMIT_L1B_RAD_001_20240413T075328_2410405_021", "country": "China", "n_imeo": 1, "n_cm": 1, "flux_max": 6012.0, "sector": "Waste", "split": "test", "date": "2024-04-13"}}, {"type": "Feature", "geometry": {"type": "Point", "coordinates": [111.83934400000001, 36.9682655]}, "properties": {"id": "EMIT_L1B_RAD_001_20240415T062129_2410604_018", "country": "China", "n_imeo": 5, "n_cm": 2, "flux_max": 6056.11, "sector": "Coal", "split": "train", "date": "2024-04-15"}}, {"type": "Feature", "geometry": {"type": "Point", "coordinates": [112.5263405, 36.480879]}, "properties": {"id": "EMIT_L1B_RAD_001_20240415T062141_2410604_019", "country": "China", "n_imeo": 16, "n_cm": 5, "flux_max": 5170.01, "sector": "Coal", "split": "train", "date": "2024-04-15"}}, {"type": "Feature", "geometry": {"type": "Point", "coordinates": [113.20307550000001, 35.989176]}, "properties": {"id": "EMIT_L1B_RAD_001_20240415T062152_2410604_020", "country": "China", "n_imeo": 22, "n_cm": 9, "flux_max": 7914.0, "sector": "Coal", "split": "train", "date": "2024-04-15"}}, {"type": "Feature", "geometry": {"type": "Point", "coordinates": [60.266552000000004, 39.8265915]}, "properties": {"id": "EMIT_L1B_RAD_001_20240415T092556_2410606_015", "country": "Turkmenistan", "n_imeo": 5, "n_cm": 2, "flux_max": 1898.0, "sector": "Oil and Gas", "split": "train", "date": "2024-04-15"}}, {"type": "Feature", "geometry": {"type": "Point", "coordinates": [112.8981325, 40.247736]}, "properties": {"id": "EMIT_L1B_RAD_001_20240416T053231_2410704_008", "country": "China", "n_imeo": 10, "n_cm": 1, "flux_max": 2684.0, "sector": "Coal", "split": "test", "date": "2024-04-16"}}, {"type": "Feature", "geometry": {"type": "Point", "coordinates": [-99.26476249999999, 19.341897]}, "properties": {"id": "EMIT_L1B_RAD_001_20240416T210835_2410714_031", "country": "Mexico", "n_imeo": 4, "n_cm": 3, "flux_max": 2758.0, "sector": "Waste", "split": "train", "date": "2024-04-16"}}, {"type": "Feature", "geometry": {"type": "Point", "coordinates": [35.581858, 32.486682]}, "properties": {"id": "EMIT_L1B_RAD_001_20240417T105919_2410807_020", "country": "Israel", "n_imeo": 3, "n_cm": 2, "flux_max": 3209.5, "sector": "Waste", "split": "train", "date": "2024-04-17"}}, {"type": "Feature", "geometry": {"type": "Point", "coordinates": [-82.153824, 37.09174]}, "properties": {"id": "EMIT_L1B_RAD_001_20240418T175355_2410912_039", "country": "United States of America", "n_imeo": 4, "n_cm": 4, "flux_max": 2296.0, "sector": "Coal", "split": "train", "date": "2024-04-18"}}, {"type": "Feature", "geometry": {"type": "Point", "coordinates": [61.858897999999996, 39.515009]}, "properties": {"id": "EMIT_L1B_RAD_001_20240419T074815_2411005_010", "country": "Turkmenistan", "n_imeo": 0, "n_cm": 0, "flux_max": null, "sector": "", "split": "train", "date": "2024-04-19"}}, {"type": "Feature", "geometry": {"type": "Point", "coordinates": [62.598952999999995, 39.054356]}, "properties": {"id": "EMIT_L1B_RAD_001_20240419T074827_2411005_011", "country": "Turkmenistan", "n_imeo": 0, "n_cm": 0, "flux_max": null, "sector": "", "split": "train", "date": "2024-04-19"}}, {"type": "Feature", "geometry": {"type": "Point", "coordinates": [63.3290485, 38.588709]}, "properties": {"id": "EMIT_L1B_RAD_001_20240419T074839_2411005_012", "country": "Turkmenistan", "n_imeo": 0, "n_cm": 0, "flux_max": null, "sector": "", "split": "train", "date": "2024-04-19"}}, {"type": "Feature", "geometry": {"type": "Point", "coordinates": [50.047144, 30.647955]}, "properties": {"id": "EMIT_L1B_RAD_001_20240419T092435_2411006_029", "country": "Iran (Islamic Republic of)", "n_imeo": 4, "n_cm": 3, "flux_max": 5047.46, "sector": "Oil and Gas", "split": "val", "date": "2024-04-19"}}, {"type": "Feature", "geometry": {"type": "Point", "coordinates": [50.634796, 30.112999000000002]}, "properties": {"id": "EMIT_L1B_RAD_001_20240419T092447_2411006_030", "country": "Iran (Islamic Republic of)", "n_imeo": 3, "n_cm": 2, "flux_max": 4877.75, "sector": "Oil and Gas", "split": "val", "date": "2024-04-19"}}, {"type": "Feature", "geometry": {"type": "Point", "coordinates": [52.356344, 28.489638]}, "properties": {"id": "EMIT_L1B_RAD_001_20240419T092522_2411006_033", "country": "Iran (Islamic Republic of)", "n_imeo": 1, "n_cm": 1, "flux_max": 1590.23, "sector": "Other", "split": "test", "date": "2024-04-19"}}, {"type": "Feature", "geometry": {"type": "Point", "coordinates": [-112.1559335, 33.488718]}, "properties": {"id": "EMIT_L1B_RAD_001_20240420T192524_2411113_018", "country": "United States of America", "n_imeo": 0, "n_cm": 0, "flux_max": null, "sector": "", "split": "train", "date": "2024-04-20"}}, {"type": "Feature", "geometry": {"type": "Point", "coordinates": [53.932091, 37.4018495]}, "properties": {"id": "EMIT_L1B_RAD_001_20240421T074619_2411205_017", "country": "Turkmenistan", "n_imeo": 8, "n_cm": 5, "flux_max": 9015.48, "sector": "Oil and Gas", "split": "train", "date": "2024-04-21"}}, {"type": "Feature", "geometry": {"type": "Point", "coordinates": [61.607107, 36.3894765]}, "properties": {"id": "EMIT_L1B_RAD_001_20240422T065849_2411305_007", "country": "Turkmenistan", "n_imeo": 3, "n_cm": 2, "flux_max": 1787.0, "sector": "Oil and Gas", "split": "val", "date": "2024-04-22"}}, {"type": "Feature", "geometry": {"type": "Point", "coordinates": [-81.2887495, 37.370448999999994]}, "properties": {"id": "EMIT_L1B_RAD_001_20240422T161514_2411311_022", "country": "United States of America", "n_imeo": 3, "n_cm": 1, "flux_max": 2409.0, "sector": "Coal", "split": "train", "date": "2024-04-22"}}, {"type": "Feature", "geometry": {"type": "Point", "coordinates": [-95.234318, 29.5922205]}, "properties": {"id": "EMIT_L1B_RAD_001_20240422T175102_2411312_037", "country": "United States of America", "n_imeo": 2, "n_cm": 3, "flux_max": 2979.59, "sector": "Waste", "split": "train", "date": "2024-04-22"}}, {"type": "Feature", "geometry": {"type": "Point", "coordinates": [113.37212, 37.55122]}, "properties": {"id": "EMIT_L1B_RAD_001_20240423T030446_2411402_004", "country": "China", "n_imeo": 34, "n_cm": 11, "flux_max": 10221.61, "sector": "Coal", "split": "train", "date": "2024-04-23"}}, {"type": "Feature", "geometry": {"type": "Point", "coordinates": [62.541386, 39.897387]}, "properties": {"id": "EMIT_L1B_RAD_001_20240423T060922_2411404_002", "country": "Uzbekistan", "n_imeo": 3, "n_cm": 3, "flux_max": 2879.0, "sector": "Oil and Gas", "split": "train", "date": "2024-04-23"}}, {"type": "Feature", "geometry": {"type": "Point", "coordinates": [64.7569465, 38.5126875]}, "properties": {"id": "EMIT_L1B_RAD_001_20240423T060958_2411404_005", "country": "Turkmenistan", "n_imeo": 7, "n_cm": 6, "flux_max": 2136.0, "sector": "Oil and Gas", "split": "train", "date": "2024-04-23"}}, {"type": "Feature", "geometry": {"type": "Point", "coordinates": [47.134953, 30.153715]}, "properties": {"id": "EMIT_L1B_RAD_001_20240426T065431_2411705_006", "country": "Iraq", "n_imeo": 3, "n_cm": 1, "flux_max": 1490.58, "sector": "Oil and Gas", "split": "train", "date": "2024-04-26"}}, {"type": "Feature", "geometry": {"type": "Point", "coordinates": [48.290636, 29.075474]}, "properties": {"id": "EMIT_L1B_RAD_001_20240426T065455_2411705_008", "country": "Kuwait", "n_imeo": 3, "n_cm": 2, "flux_max": 2311.99, "sector": "Oil and Gas", "split": "train", "date": "2024-04-26"}}, {"type": "Feature", "geometry": {"type": "Point", "coordinates": [13.6462355, -8.989999000000001]}, "properties": {"id": "EMIT_L1B_RAD_001_20240427T105809_2411807_036", "country": "Angola", "n_imeo": 1, "n_cm": 1, "flux_max": 4829.0, "sector": "Waste", "split": "train", "date": "2024-04-27"}}, {"type": "Feature", "geometry": {"type": "Point", "coordinates": [-94.3376885, 18.240581499999998]}, "properties": {"id": "EMIT_L1B_RAD_001_20240428T161224_2411911_017", "country": "Mexico", "n_imeo": 1, "n_cm": 1, "flux_max": 11569.05, "sector": "Other", "split": "train", "date": "2024-04-28"}}, {"type": "Feature", "geometry": {"type": "Point", "coordinates": [-75.769268, 10.412237000000001]}, "properties": {"id": "EMIT_L1B_RAD_001_20240430T143856_2412110_007", "country": "Colombia", "n_imeo": 1, "n_cm": 1, "flux_max": 9017.0, "sector": "Waste", "split": "train", "date": "2024-04-30"}}, {"type": "Feature", "geometry": {"type": "Point", "coordinates": [28.2729285, -25.1582425]}, "properties": {"id": "EMIT_L1B_RAD_001_20240501T092414_2412206_053", "country": "South Africa", "n_imeo": 2, "n_cm": 1, "flux_max": 2258.0, "sector": "Waste", "split": "test", "date": "2024-05-01"}}, {"type": "Feature", "geometry": {"type": "Point", "coordinates": [-76.726078, -12.352318]}, "properties": {"id": "EMIT_L1B_RAD_001_20240501T153107_2412210_017", "country": "Peru", "n_imeo": 1, "n_cm": 1, "flux_max": 15417.0, "sector": "Waste", "split": "train", "date": "2024-05-01"}}, {"type": "Feature", "geometry": {"type": "Point", "coordinates": [110.685902, 38.909479000000005]}, "properties": {"id": "EMIT_L1B_RAD_001_20240522T084606_2414306_021", "country": "China", "n_imeo": 2, "n_cm": 1, "flux_max": 2518.93, "sector": "Coal", "split": "test", "date": "2024-05-22"}}, {"type": "Feature", "geometry": {"type": "Point", "coordinates": [112.5306435, 35.716383]}, "properties": {"id": "EMIT_L1B_RAD_001_20240523T075552_2414406_005", "country": "China", "n_imeo": 14, "n_cm": 4, "flux_max": 8613.48, "sector": "Coal", "split": "train", "date": "2024-05-23"}}, {"type": "Feature", "geometry": {"type": "Point", "coordinates": [113.52016449999999, 36.437957999999995]}, "properties": {"id": "EMIT_L1B_RAD_001_20240523T075604_2414406_006", "country": "China", "n_imeo": 12, "n_cm": 8, "flux_max": 3733.63, "sector": "Coal", "split": "train", "date": "2024-05-23"}}, {"type": "Feature", "geometry": {"type": "Point", "coordinates": [53.368221500000004, 39.0760705]}, "properties": {"id": "EMIT_L1B_RAD_001_20240524T114612_2414508_005", "country": "Turkmenistan", "n_imeo": 1, "n_cm": 1, "flux_max": 7772.28, "sector": "Oil and Gas", "split": "train", "date": "2024-05-24"}}, {"type": "Feature", "geometry": {"type": "Point", "coordinates": [32.846592, -25.906091]}, "properties": {"id": "EMIT_L1B_RAD_001_20240526T081519_2414705_036", "country": "Mozambique", "n_imeo": 1, "n_cm": 1, "flux_max": 2176.25, "sector": "Waste", "split": "train", "date": "2024-05-26"}}, {"type": "Feature", "geometry": {"type": "Point", "coordinates": [84.80872, 45.580179]}, "properties": {"id": "EMIT_L1B_RAD_001_20240527T092548_2414806_003", "country": "China", "n_imeo": 2, "n_cm": 2, "flux_max": 3244.1, "sector": "Oil and Gas", "split": "val", "date": "2024-05-27"}}, {"type": "Feature", "geometry": {"type": "Point", "coordinates": [-43.714325, -19.952862500000002]}, "properties": {"id": "EMIT_L1B_RAD_001_20240528T125258_2414908_036", "country": "Brazil", "n_imeo": 1, "n_cm": 1, "flux_max": 8187.0, "sector": "Waste", "split": "test", "date": "2024-05-28"}}, {"type": "Feature", "geometry": {"type": "Point", "coordinates": [28.275714999999998, -25.528875]}, "properties": {"id": "EMIT_L1B_RAD_001_20240529T072442_2415004_016", "country": "South Africa", "n_imeo": 2, "n_cm": 1, "flux_max": 2567.0, "sector": "Waste", "split": "test", "date": "2024-05-29"}}, {"type": "Feature", "geometry": {"type": "Point", "coordinates": [-65.2217215, -24.64443]}, "properties": {"id": "EMIT_L1B_RAD_001_20240529T133614_2415008_025", "country": "Argentina", "n_imeo": 1, "n_cm": 2, "flux_max": 6966.0, "sector": "Waste", "split": "test", "date": "2024-05-29"}}, {"type": "Feature", "geometry": {"type": "Point", "coordinates": [-99.17252350000001, 19.735789500000003]}, "properties": {"id": "EMIT_L1B_RAD_001_20240606T151017_2415810_005", "country": "Mexico", "n_imeo": 6, "n_cm": 5, "flux_max": 4716.0, "sector": "Waste", "split": "train", "date": "2024-06-06"}}, {"type": "Feature", "geometry": {"type": "Point", "coordinates": [53.274227499999995, 39.7543965]}, "properties": {"id": "EMIT_L1B_RAD_001_20240608T122634_2416008_012", "country": "Turkmenistan", "n_imeo": 3, "n_cm": 2, "flux_max": 55252.53, "sector": "Oil and Gas", "split": "train", "date": "2024-06-08"}}, {"type": "Feature", "geometry": {"type": "Point", "coordinates": [47.3572785, 30.034436999999997]}, "properties": {"id": "EMIT_L1B_RAD_001_20240609T050531_2416104_015", "country": "Iraq", "n_imeo": 3, "n_cm": 1, "flux_max": 1292.14, "sector": "Oil and Gas", "split": "train", "date": "2024-06-09"}}, {"type": "Feature", "geometry": {"type": "Point", "coordinates": [51.9838355, 28.55848]}, "properties": {"id": "EMIT_L1B_RAD_001_20240610T041715_2416203_007", "country": "Iran (Islamic Republic of)", "n_imeo": 3, "n_cm": 2, "flux_max": 8464.0, "sector": "Oil and Gas", "split": "test", "date": "2024-06-10"}}, {"type": "Feature", "geometry": {"type": "Point", "coordinates": [49.461456, 40.043783000000005]}, "properties": {"id": "EMIT_L1B_RAD_001_20240611T050649_2416304_008", "country": "Azerbaijan", "n_imeo": 6, "n_cm": 4, "flux_max": 4374.51, "sector": "Oil and Gas", "split": "val", "date": "2024-06-11"}}, {"type": "Feature", "geometry": {"type": "Point", "coordinates": [71.649696, 25.815195000000003]}, "properties": {"id": "EMIT_L1B_RAD_001_20240612T105355_2416407_007", "country": "India", "n_imeo": 2, "n_cm": 2, "flux_max": 3311.95, "sector": "Oil and Gas", "split": "train", "date": "2024-06-12"}}, {"type": "Feature", "geometry": {"type": "Point", "coordinates": [85.21598449999999, 45.418306]}, "properties": {"id": "EMIT_L1B_RAD_001_20240615T015805_2416702_007", "country": "China", "n_imeo": 4, "n_cm": 1, "flux_max": 2351.0, "sector": "Oil and Gas", "split": "val", "date": "2024-06-15"}}, {"type": "Feature", "geometry": {"type": "Point", "coordinates": [61.416729000000004, 40.0000115]}, "properties": {"id": "EMIT_L1B_RAD_001_20240621T064918_2417305_020", "country": "Turkmenistan", "n_imeo": 3, "n_cm": 2, "flux_max": 1634.0, "sector": "Oil and Gas", "split": "train", "date": "2024-06-21"}}, {"type": "Feature", "geometry": {"type": "Point", "coordinates": [44.482440999999994, 35.520899]}, "properties": {"id": "EMIT_L1B_RAD_001_20240621T082401_2417306_029", "country": "Iraq", "n_imeo": 1, "n_cm": 1, "flux_max": 1245.0, "sector": "Waste", "split": "train", "date": "2024-06-21"}}, {"type": "Feature", "geometry": {"type": "Point", "coordinates": [48.9194985, 31.9447425]}, "properties": {"id": "EMIT_L1B_RAD_001_20240621T082524_2417306_036", "country": "Iran (Islamic Republic of)", "n_imeo": 3, "n_cm": 3, "flux_max": 5146.0, "sector": "Oil and Gas", "split": "val", "date": "2024-06-21"}}, {"type": "Feature", "geometry": {"type": "Point", "coordinates": [52.992864499999996, 28.199831]}, "properties": {"id": "EMIT_L1B_RAD_001_20240621T082647_2417306_043", "country": "Iran (Islamic Republic of)", "n_imeo": 1, "n_cm": 1, "flux_max": 2013.89, "sector": "Oil and Gas", "split": "train", "date": "2024-06-21"}}, {"type": "Feature", "geometry": {"type": "Point", "coordinates": [55.949327499999995, 25.192253]}, "properties": {"id": "EMIT_L1B_RAD_001_20240621T082746_2417306_048", "country": "United Arab Emirates", "n_imeo": 3, "n_cm": 2, "flux_max": 4028.0, "sector": "Waste", "split": "train", "date": "2024-06-21"}}, {"type": "Feature", "geometry": {"type": "Point", "coordinates": [67.17786749999999, 26.0251875]}, "properties": {"id": "EMIT_L1B_RAD_001_20240623T065329_2417505_023", "country": "Pakistan", "n_imeo": 1, "n_cm": 1, "flux_max": 381.0, "sector": "Oil and Gas", "split": "train", "date": "2024-06-23"}}, {"type": "Feature", "geometry": {"type": "Point", "coordinates": [30.020739499999998, 37.5768355]}, "properties": {"id": "EMIT_L1B_RAD_001_20240623T082158_2417506_019", "country": "T\u00fcrkiye", "n_imeo": 0, "n_cm": 0, "flux_max": null, "sector": "", "split": "train", "date": "2024-06-23"}}, {"type": "Feature", "geometry": {"type": "Point", "coordinates": [12.882219, 32.673801]}, "properties": {"id": "EMIT_L1B_RAD_001_20240623T095646_2417507_015", "country": "Libya", "n_imeo": 1, "n_cm": 1, "flux_max": 4761.83, "sector": "Waste", "split": "train", "date": "2024-06-23"}}, {"type": "Feature", "geometry": {"type": "Point", "coordinates": [0.6068535, 27.859261]}, "properties": {"id": "EMIT_L1B_RAD_001_20240624T104414_2417607_003", "country": "Algeria", "n_imeo": 0, "n_cm": 0, "flux_max": null, "sector": "", "split": "train", "date": "2024-06-24"}}, {"type": "Feature", "geometry": {"type": "Point", "coordinates": [112.4642635, 37.8614615]}, "properties": {"id": "EMIT_L1B_RAD_001_20240625T020904_2417702_014", "country": "China", "n_imeo": 23, "n_cm": 4, "flux_max": 4477.0, "sector": "Coal", "split": "train", "date": "2024-06-25"}}, {"type": "Feature", "geometry": {"type": "Point", "coordinates": [61.0054875, 40.5213375]}, "properties": {"id": "EMIT_L1B_RAD_001_20240625T051339_2417704_010", "country": "Turkmenistan", "n_imeo": 3, "n_cm": 1, "flux_max": 1745.0, "sector": "Oil and Gas", "split": "train", "date": "2024-06-25"}}, {"type": "Feature", "geometry": {"type": "Point", "coordinates": [64.709427, 38.2313805]}, "properties": {"id": "EMIT_L1B_RAD_001_20240625T051438_2417704_015", "country": "Turkmenistan", "n_imeo": 3, "n_cm": 2, "flux_max": 4763.35, "sector": "Oil and Gas", "split": "train", "date": "2024-06-25"}}, {"type": "Feature", "geometry": {"type": "Point", "coordinates": [45.563587, 35.062726999999995]}, "properties": {"id": "EMIT_L1B_RAD_001_20240625T064847_2417705_018", "country": "Iraq", "n_imeo": 0, "n_cm": 0, "flux_max": null, "sector": "", "split": "train", "date": "2024-06-25"}}, {"type": "Feature", "geometry": {"type": "Point", "coordinates": [49.951403, 31.4637635]}, "properties": {"id": "EMIT_L1B_RAD_001_20240625T065010_2417705_025", "country": "Iran (Islamic Republic of)", "n_imeo": 3, "n_cm": 3, "flux_max": 3541.79, "sector": "Oil and Gas", "split": "val", "date": "2024-06-25"}}, {"type": "Feature", "geometry": {"type": "Point", "coordinates": [53.5099925, 28.165921]}, "properties": {"id": "EMIT_L1B_RAD_001_20240625T065122_2417705_030", "country": "Iran (Islamic Republic of)", "n_imeo": 2, "n_cm": 1, "flux_max": 3591.0, "sector": "Oil and Gas", "split": "train", "date": "2024-06-25"}}, {"type": "Feature", "geometry": {"type": "Point", "coordinates": [28.161853999999998, 29.830371]}, "properties": {"id": "EMIT_L1B_RAD_001_20240625T082337_2417706_014", "country": "Egypt", "n_imeo": 3, "n_cm": 1, "flux_max": 7558.47, "sector": "Oil and Gas", "split": "train", "date": "2024-06-25"}}, {"type": "Feature", "geometry": {"type": "Point", "coordinates": [28.921238000000002, 29.116669]}, "properties": {"id": "EMIT_L1B_RAD_001_20240625T082349_2417706_015", "country": "Egypt", "n_imeo": 10, "n_cm": 6, "flux_max": 2556.0, "sector": "Oil and Gas", "split": "train", "date": "2024-06-25"}}, {"type": "Feature", "geometry": {"type": "Point", "coordinates": [50.77203, 35.693834]}, "properties": {"id": "EMIT_L1B_RAD_001_20240626T060123_2417804_016", "country": "Iran (Islamic Republic of)", "n_imeo": 2, "n_cm": 2, "flux_max": 2307.0, "sector": "Waste", "split": "test", "date": "2024-06-26"}}, {"type": "Feature", "geometry": {"type": "Point", "coordinates": [-47.868742, -15.923297000000002]}, "properties": {"id": "EMIT_L1B_RAD_001_20240626T153604_2417810_047", "country": "Brazil", "n_imeo": 1, "n_cm": 1, "flux_max": 3586.36, "sector": "Waste", "split": "train", "date": "2024-06-26"}}, {"type": "Feature", "geometry": {"type": "Point", "coordinates": [-99.298767, 27.9030385]}, "properties": {"id": "EMIT_L1B_RAD_001_20240627T160707_2417911_021", "country": "United States of America", "n_imeo": 4, "n_cm": 4, "flux_max": 2518.82, "sector": "Oil and Gas", "split": "train", "date": "2024-06-27"}}, {"type": "Feature", "geometry": {"type": "Point", "coordinates": [40.552572, 34.7181055]}, "properties": {"id": "EMIT_L1B_RAD_001_20240628T060014_2418004_003", "country": "Syrian Arab Republic", "n_imeo": 2, "n_cm": 2, "flux_max": 1908.76, "sector": "Oil and Gas", "split": "train", "date": "2024-06-28"}}, {"type": "Feature", "geometry": {"type": "Point", "coordinates": [-52.0982795, -29.99737]}, "properties": {"id": "EMIT_L1B_RAD_001_20240701T145112_2418309_037", "country": "Brazil", "n_imeo": 1, "n_cm": 1, "flux_max": 4794.87, "sector": "Waste", "split": "train", "date": "2024-07-01"}}, {"type": "Feature", "geometry": {"type": "Point", "coordinates": [-70.81961050000001, -34.1698835]}, "properties": {"id": "EMIT_L1B_RAD_001_20240701T162539_2418310_002", "country": "Chile", "n_imeo": 1, "n_cm": 2, "flux_max": 5933.73, "sector": "Waste", "split": "val", "date": "2024-07-01"}}, {"type": "Feature", "geometry": {"type": "Point", "coordinates": [52.884672, 23.6488675]}, "properties": {"id": "EMIT_L1B_RAD_001_20240702T042857_2418403_013", "country": "United Arab Emirates", "n_imeo": 0, "n_cm": 0, "flux_max": null, "sector": "", "split": "train", "date": "2024-07-02"}}, {"type": "Feature", "geometry": {"type": "Point", "coordinates": [-58.336885499999994, -34.5620785]}, "properties": {"id": "EMIT_L1B_RAD_001_20240703T145156_2418509_010", "country": "Argentina", "n_imeo": 1, "n_cm": 2, "flux_max": 5310.0, "sector": "Waste", "split": "train", "date": "2024-07-03"}}, {"type": "Feature", "geometry": {"type": "Point", "coordinates": [-43.540895500000005, -20.077375500000002]}, "properties": {"id": "EMIT_L1B_RAD_001_20240704T122650_2418608_050", "country": "Brazil", "n_imeo": 1, "n_cm": 1, "flux_max": 3611.0, "sector": "Waste", "split": "test", "date": "2024-07-04"}}, {"type": "Feature", "geometry": {"type": "Point", "coordinates": [-48.245771500000004, -16.1559285]}, "properties": {"id": "EMIT_L1B_RAD_001_20240715T181847_2419711_032", "country": "Brazil", "n_imeo": 1, "n_cm": 1, "flux_max": 4327.82, "sector": "Waste", "split": "train", "date": "2024-07-15"}}, {"type": "Feature", "geometry": {"type": "Point", "coordinates": [-71.727135, -16.008512500000002]}, "properties": {"id": "EMIT_L1B_RAD_001_20240715T195141_2419712_003", "country": "Peru", "n_imeo": 1, "n_cm": 1, "flux_max": 2428.0, "sector": "Waste", "split": "test", "date": "2024-07-15"}}, {"type": "Feature", "geometry": {"type": "Point", "coordinates": [-47.423882000000006, -22.447793]}, "properties": {"id": "EMIT_L1B_RAD_001_20240716T172921_2419811_028", "country": "Brazil", "n_imeo": 2, "n_cm": 1, "flux_max": 1501.0, "sector": "Waste", "split": "train", "date": "2024-07-16"}}, {"type": "Feature", "geometry": {"type": "Point", "coordinates": [147.95863350000002, -21.837447]}, "properties": {"id": "EMIT_L1B_RAD_001_20240717T041929_2419902_021", "country": "Australia", "n_imeo": 4, "n_cm": 2, "flux_max": 8266.0, "sector": "Coal", "split": "train", "date": "2024-07-17"}}, {"type": "Feature", "geometry": {"type": "Point", "coordinates": [-46.886702, -22.762171]}, "properties": {"id": "EMIT_L1B_RAD_001_20240720T155235_2420210_015", "country": "Brazil", "n_imeo": 1, "n_cm": 1, "flux_max": 4316.0, "sector": "Waste", "split": "train", "date": "2024-07-20"}}, {"type": "Feature", "geometry": {"type": "Point", "coordinates": [-66.150795, -17.667956]}, "properties": {"id": "EMIT_L1B_RAD_001_20240720T172710_2420211_014", "country": "Bolivia (Plurinational State of)", "n_imeo": 1, "n_cm": 1, "flux_max": 2096.0, "sector": "Waste", "split": "train", "date": "2024-07-20"}}, {"type": "Feature", "geometry": {"type": "Point", "coordinates": [6.9485415, 29.822426999999998]}, "properties": {"id": "EMIT_L1B_RAD_001_20240722T143518_2420410_008", "country": "Algeria", "n_imeo": 3, "n_cm": 2, "flux_max": 1033.62, "sector": "Oil and Gas", "split": "train", "date": "2024-07-22"}}, {"type": "Feature", "geometry": {"type": "Point", "coordinates": [111.60452649999999, 37.3139475]}, "properties": {"id": "EMIT_L1B_RAD_001_20240726T064925_2420805_007", "country": "China", "n_imeo": 6, "n_cm": 1, "flux_max": 5360.7, "sector": "Coal", "split": "train", "date": "2024-07-26"}}, {"type": "Feature", "geometry": {"type": "Point", "coordinates": [53.540489, 28.3146315]}, "properties": {"id": "EMIT_L1B_RAD_001_20240726T095137_2420807_016", "country": "Iran (Islamic Republic of)", "n_imeo": 2, "n_cm": 1, "flux_max": 4864.0, "sector": "Oil and Gas", "split": "train", "date": "2024-07-26"}}, {"type": "Feature", "geometry": {"type": "Point", "coordinates": [18.8544045, 28.454691]}, "properties": {"id": "EMIT_L1B_RAD_001_20240728T112158_2421008_003", "country": "Libya", "n_imeo": 1, "n_cm": 1, "flux_max": 1573.69, "sector": "Oil and Gas", "split": "train", "date": "2024-07-28"}}, {"type": "Feature", "geometry": {"type": "Point", "coordinates": [51.10713, 30.7666175]}, "properties": {"id": "EMIT_L1B_RAD_001_20240729T090210_2421106_009", "country": "Iran (Islamic Republic of)", "n_imeo": 4, "n_cm": 1, "flux_max": 8139.0, "sector": "Oil and Gas", "split": "val", "date": "2024-07-29"}}, {"type": "Feature", "geometry": {"type": "Point", "coordinates": [35.352339, 37.019552000000004]}, "properties": {"id": "EMIT_L1B_RAD_001_20240729T103728_2421107_011", "country": "T\u00fcrkiye", "n_imeo": 1, "n_cm": 1, "flux_max": 964.67, "sector": "Waste", "split": "train", "date": "2024-07-29"}}, {"type": "Feature", "geometry": {"type": "Point", "coordinates": [35.4587155, 32.2761015]}, "properties": {"id": "EMIT_L1B_RAD_001_20240730T094750_2421207_011", "country": "Israel", "n_imeo": 2, "n_cm": 1, "flux_max": 3626.0, "sector": "Waste", "split": "train", "date": "2024-07-30"}}, {"type": "Feature", "geometry": {"type": "Point", "coordinates": [52.5907955, 43.4311795]}, "properties": {"id": "EMIT_L1B_RAD_001_20240730T095231_2421207_033", "country": "Kazakhstan", "n_imeo": 9, "n_cm": 7, "flux_max": 2726.01, "sector": "Oil and Gas", "split": "test", "date": "2024-07-30"}}, {"type": "Feature", "geometry": {"type": "Point", "coordinates": [7.6349695, 28.417104000000002]}, "properties": {"id": "EMIT_L1B_RAD_001_20240730T111913_2421208_003", "country": "Algeria", "n_imeo": 3, "n_cm": 2, "flux_max": 1300.95, "sector": "Oil and Gas", "split": "train", "date": "2024-07-30"}}, {"type": "Feature", "geometry": {"type": "Point", "coordinates": [-106.28382500000001, 32.0991005]}, "properties": {"id": "EMIT_L1B_RAD_001_20240730T190438_2421213_007", "country": "United States of America", "n_imeo": 1, "n_cm": 1, "flux_max": 883.14, "sector": "Oil and Gas", "split": "train", "date": "2024-07-30"}}, {"type": "Feature", "geometry": {"type": "Point", "coordinates": [5.661595500000001, 31.6091415]}, "properties": {"id": "EMIT_L1B_RAD_001_20240802T103135_2421507_004", "country": "Algeria", "n_imeo": 7, "n_cm": 3, "flux_max": 3295.46, "sector": "Oil and Gas", "split": "test", "date": "2024-08-02"}}, {"type": "Feature", "geometry": {"type": "Point", "coordinates": [6.4673514999999995, 32.304012]}, "properties": {"id": "EMIT_L1B_RAD_001_20240802T103147_2421507_005", "country": "Algeria", "n_imeo": 1, "n_cm": 1, "flux_max": 910.43, "sector": "Oil and Gas", "split": "test", "date": "2024-08-02"}}, {"type": "Feature", "geometry": {"type": "Point", "coordinates": [39.8275585, 35.323824]}, "properties": {"id": "EMIT_L1B_RAD_001_20240803T081310_2421606_018", "country": "Syrian Arab Republic", "n_imeo": 1, "n_cm": 2, "flux_max": 2857.42, "sector": "Oil and Gas", "split": "train", "date": "2024-08-03"}}, {"type": "Feature", "geometry": {"type": "Point", "coordinates": [-119.13299950000001, 35.495695]}, "properties": {"id": "EMIT_L1B_RAD_001_20240804T181617_2421712_005", "country": "United States of America", "n_imeo": 1, "n_cm": 1, "flux_max": 1515.0, "sector": "Other", "split": "val", "date": "2024-08-04"}}, {"type": "Feature", "geometry": {"type": "Point", "coordinates": [6.261892, 31.7311495]}, "properties": {"id": "EMIT_L1B_RAD_001_20240806T085622_2421906_005", "country": "Algeria", "n_imeo": 10, "n_cm": 5, "flux_max": 2985.0, "sector": "Oil and Gas", "split": "test", "date": "2024-08-06"}}, {"type": "Feature", "geometry": {"type": "Point", "coordinates": [40.639354499999996, 35.560383]}, "properties": {"id": "EMIT_L1B_RAD_001_20240807T063753_2422005_005", "country": "Syrian Arab Republic", "n_imeo": 4, "n_cm": 5, "flux_max": 4089.0, "sector": "Oil and Gas", "split": "train", "date": "2024-08-07"}}, {"type": "Feature", "geometry": {"type": "Point", "coordinates": [53.3573325, 43.283546]}, "properties": {"id": "EMIT_L1B_RAD_001_20240807T064114_2422005_022", "country": "Kazakhstan", "n_imeo": 2, "n_cm": 3, "flux_max": 3264.0, "sector": "Oil and Gas", "split": "test", "date": "2024-08-07"}}, {"type": "Feature", "geometry": {"type": "Point", "coordinates": [39.734186, 45.046293000000006]}, "properties": {"id": "EMIT_L1B_RAD_001_20240808T072750_2422105_018", "country": "Russian Federation", "n_imeo": 1, "n_cm": 1, "flux_max": 1298.08, "sector": "Waste", "split": "val", "date": "2024-08-08"}}, {"type": "Feature", "geometry": {"type": "Point", "coordinates": [-101.900608, 32.216100499999996]}, "properties": {"id": "EMIT_L1B_RAD_001_20240812T213903_2422514_030", "country": "United States of America", "n_imeo": 7, "n_cm": 7, "flux_max": 6084.74, "sector": "Oil and Gas", "split": "train", "date": "2024-08-12"}}, {"type": "Feature", "geometry": {"type": "Point", "coordinates": [0.21166799999999997, 35.7750605]}, "properties": {"id": "EMIT_L1B_RAD_001_20240814T135128_2422709_006", "country": "Algeria", "n_imeo": 1, "n_cm": 1, "flux_max": 3269.25, "sector": "Other", "split": "train", "date": "2024-08-14"}}, {"type": "Feature", "geometry": {"type": "Point", "coordinates": [35.746885, 31.030683500000002]}, "properties": {"id": "EMIT_L1B_RAD_001_20240815T113252_2422808_019", "country": "Israel", "n_imeo": 1, "n_cm": 1, "flux_max": 1998.9, "sector": "Waste", "split": "train", "date": "2024-08-15"}}, {"type": "Feature", "geometry": {"type": "Point", "coordinates": [20.921125, 28.595553000000002]}, "properties": {"id": "EMIT_L1B_RAD_001_20240816T121910_2422908_011", "country": "Libya", "n_imeo": 0, "n_cm": 0, "flux_max": null, "sector": "", "split": "train", "date": "2024-08-16"}}, {"type": "Feature", "geometry": {"type": "Point", "coordinates": [112.0860825, 37.240567999999996]}, "properties": {"id": "EMIT_L1B_RAD_001_20240821T033855_2423403_018", "country": "China", "n_imeo": 10, "n_cm": 3, "flux_max": 7044.24, "sector": "Coal", "split": "train", "date": "2024-08-21"}}, {"type": "Feature", "geometry": {"type": "Point", "coordinates": [112.77835099999999, 36.7559755]}, "properties": {"id": "EMIT_L1B_RAD_001_20240821T033906_2423403_019", "country": "China", "n_imeo": 20, "n_cm": 9, "flux_max": 5429.0, "sector": "Coal", "split": "train", "date": "2024-08-21"}}, {"type": "Feature", "geometry": {"type": "Point", "coordinates": [113.460354, 36.266535000000005]}, "properties": {"id": "EMIT_L1B_RAD_001_20240821T033918_2423403_020", "country": "China", "n_imeo": 10, "n_cm": 5, "flux_max": 6469.0, "sector": "Coal", "split": "train", "date": "2024-08-21"}}, {"type": "Feature", "geometry": {"type": "Point", "coordinates": [41.0177535, 37.4503575]}, "properties": {"id": "EMIT_L1B_RAD_001_20240821T081716_2423406_018", "country": "T\u00fcrkiye", "n_imeo": 1, "n_cm": 2, "flux_max": 701.33, "sector": "Waste", "split": "train", "date": "2024-08-21"}}, {"type": "Feature", "geometry": {"type": "Point", "coordinates": [37.931059000000005, 35.970098500000006]}, "properties": {"id": "EMIT_L1B_RAD_001_20240824T072757_2423705_013", "country": "Syrian Arab Republic", "n_imeo": 0, "n_cm": 0, "flux_max": null, "sector": "", "split": "val", "date": "2024-08-24"}}, {"type": "Feature", "geometry": {"type": "Point", "coordinates": [114.95220549999999, -20.795903]}, "properties": {"id": "EMIT_L1B_RAD_001_20240825T052704_2423803_034", "country": "Australia", "n_imeo": 0, "n_cm": 0, "flux_max": null, "sector": "", "split": "val", "date": "2024-08-25"}}, {"type": "Feature", "geometry": {"type": "Point", "coordinates": [52.325268, 29.002074]}, "properties": {"id": "EMIT_L1B_RAD_001_20240825T064312_2423804_021", "country": "Iran (Islamic Republic of)", "n_imeo": 3, "n_cm": 1, "flux_max": 1974.66, "sector": "Oil and Gas", "split": "test", "date": "2024-08-25"}}, {"type": "Feature", "geometry": {"type": "Point", "coordinates": [26.3414085, 31.195724499999997]}, "properties": {"id": "EMIT_L1B_RAD_001_20240825T081514_2423805_003", "country": "Egypt", "n_imeo": 0, "n_cm": 0, "flux_max": null, "sector": "", "split": "val", "date": "2024-08-25"}}, {"type": "Feature", "geometry": {"type": "Point", "coordinates": [-116.470718, 32.2939805]}, "properties": {"id": "EMIT_L1B_RAD_001_20240825T173151_2423811_011", "country": "Mexico", "n_imeo": 2, "n_cm": 1, "flux_max": 8251.0, "sector": "Waste", "split": "train", "date": "2024-08-25"}}, {"type": "Feature", "geometry": {"type": "Point", "coordinates": [-48.1324635, -15.861932]}, "properties": {"id": "EMIT_L1B_RAD_001_20240826T152744_2423910_044", "country": "Brazil", "n_imeo": 1, "n_cm": 1, "flux_max": 5892.63, "sector": "Waste", "split": "train", "date": "2024-08-26"}}, {"type": "Feature", "geometry": {"type": "Point", "coordinates": [-71.505077, -16.1355645]}, "properties": {"id": "EMIT_L1B_RAD_001_20240826T170043_2423911_033", "country": "Peru", "n_imeo": 1, "n_cm": 1, "flux_max": 2345.14, "sector": "Waste", "split": "test", "date": "2024-08-26"}}, {"type": "Feature", "geometry": {"type": "Point", "coordinates": [18.6048575, 27.8098825]}, "properties": {"id": "EMIT_L1B_RAD_001_20240827T081419_2424005_006", "country": "Libya", "n_imeo": 0, "n_cm": 0, "flux_max": null, "sector": "", "split": "val", "date": "2024-08-27"}}, {"type": "Feature", "geometry": {"type": "Point", "coordinates": [47.270502, 28.7918965]}, "properties": {"id": "EMIT_L1B_RAD_001_20240828T055352_2424104_002", "country": "Kuwait", "n_imeo": 0, "n_cm": 0, "flux_max": null, "sector": "", "split": "test", "date": "2024-08-28"}}, {"type": "Feature", "geometry": {"type": "Point", "coordinates": [149.272369, -25.435341]}, "properties": {"id": "EMIT_L1B_RAD_001_20240830T013315_2424301_054", "country": "Australia", "n_imeo": 0, "n_cm": 0, "flux_max": null, "sector": "", "split": "test", "date": "2024-08-30"}}, {"type": "Feature", "geometry": {"type": "Point", "coordinates": [150.8886035, -27.096859000000002]}, "properties": {"id": "EMIT_L1B_RAD_001_20240830T013350_2424301_057", "country": "Australia", "n_imeo": 0, "n_cm": 0, "flux_max": null, "sector": "", "split": "test", "date": "2024-08-30"}}, {"type": "Feature", "geometry": {"type": "Point", "coordinates": [-47.756376, -15.9348605]}, "properties": {"id": "EMIT_L1B_RAD_001_20240830T135304_2424309_048", "country": "Brazil", "n_imeo": 1, "n_cm": 1, "flux_max": 5000.73, "sector": "Waste", "split": "train", "date": "2024-08-30"}}, {"type": "Feature", "geometry": {"type": "Point", "coordinates": [-49.4595665, -20.957549999999998]}, "properties": {"id": "EMIT_L1B_RAD_001_20240902T130745_2424608_023", "country": "Brazil", "n_imeo": 1, "n_cm": 1, "flux_max": 940.0, "sector": "Waste", "split": "train", "date": "2024-09-02"}}, {"type": "Feature", "geometry": {"type": "Point", "coordinates": [-47.453024, -23.235840500000002]}, "properties": {"id": "EMIT_L1B_RAD_001_20240902T130832_2424608_027", "country": "Brazil", "n_imeo": 1, "n_cm": 1, "flux_max": 3209.4, "sector": "Waste", "split": "train", "date": "2024-09-02"}}, {"type": "Feature", "geometry": {"type": "Point", "coordinates": [-47.897541000000004, -15.617104999999999]}, "properties": {"id": "EMIT_L1B_RAD_001_20240903T121912_2424708_027", "country": "Brazil", "n_imeo": 1, "n_cm": 1, "flux_max": 3905.17, "sector": "Waste", "split": "train", "date": "2024-09-03"}}, {"type": "Feature", "geometry": {"type": "Point", "coordinates": [-70.8497735, -34.4650115]}, "properties": {"id": "EMIT_L1B_RAD_001_20240904T144454_2424809_003", "country": "Chile", "n_imeo": 1, "n_cm": 1, "flux_max": 7131.0, "sector": "Waste", "split": "val", "date": "2024-09-04"}}, {"type": "Feature", "geometry": {"type": "Point", "coordinates": [-38.109069500000004, -12.862635]}, "properties": {"id": "EMIT_L1B_RAD_001_20240905T104441_2424907_004", "country": "Brazil", "n_imeo": 1, "n_cm": 1, "flux_max": 6961.0, "sector": "Waste", "split": "val", "date": "2024-09-05"}}, {"type": "Feature", "geometry": {"type": "Point", "coordinates": [-76.89862049999999, -11.526864]}, "properties": {"id": "EMIT_L1B_RAD_001_20240913T204136_2425713_003", "country": "Peru", "n_imeo": 1, "n_cm": 2, "flux_max": 7701.0, "sector": "Waste", "split": "test", "date": "2024-09-13"}}, {"type": "Feature", "geometry": {"type": "Point", "coordinates": [-54.672899, -20.81598]}, "properties": {"id": "EMIT_L1B_RAD_001_20240918T164518_2426210_036", "country": "Brazil", "n_imeo": 1, "n_cm": 1, "flux_max": 2845.78, "sector": "Waste", "split": "train", "date": "2024-09-18"}}, {"type": "Feature", "geometry": {"type": "Point", "coordinates": [150.277161, -34.186588]}, "properties": {"id": "EMIT_L1B_RAD_001_20240923T002319_2426615_011", "country": "Australia", "n_imeo": 4, "n_cm": 1, "flux_max": 4712.0, "sector": "Coal", "split": "train", "date": "2024-09-23"}}, {"type": "Feature", "geometry": {"type": "Point", "coordinates": [7.824126, 28.2631855]}, "properties": {"id": "EMIT_L1B_RAD_001_20240926T121916_2427008_005", "country": "Algeria", "n_imeo": 1, "n_cm": 2, "flux_max": 2167.01, "sector": "Oil and Gas", "split": "train", "date": "2024-09-26"}}, {"type": "Feature", "geometry": {"type": "Point", "coordinates": [19.630414000000002, 27.9763525]}, "properties": {"id": "EMIT_L1B_RAD_001_20240928T104449_2427207_001", "country": "Libya", "n_imeo": 1, "n_cm": 1, "flux_max": 817.0, "sector": "Oil and Gas", "split": "train", "date": "2024-09-28"}}, {"type": "Feature", "geometry": {"type": "Point", "coordinates": [21.332144, 29.608901]}, "properties": {"id": "EMIT_L1B_RAD_001_20240928T104525_2427207_004", "country": "Libya", "n_imeo": 1, "n_cm": 1, "flux_max": 556.0, "sector": "Oil and Gas", "split": "train", "date": "2024-09-28"}}, {"type": "Feature", "geometry": {"type": "Point", "coordinates": [6.149745, 31.7180165]}, "properties": {"id": "EMIT_L1B_RAD_001_20240929T113148_2427308_006", "country": "Algeria", "n_imeo": 6, "n_cm": 3, "flux_max": 3388.45, "sector": "Oil and Gas", "split": "test", "date": "2024-09-29"}}, {"type": "Feature", "geometry": {"type": "Point", "coordinates": [-104.628502, 40.662527]}, "properties": {"id": "EMIT_L1B_RAD_001_20241002T183022_2427612_016", "country": "United States of America", "n_imeo": 2, "n_cm": 5, "flux_max": 1235.71, "sector": "Livestock", "split": "train", "date": "2024-10-02"}}, {"type": "Feature", "geometry": {"type": "Point", "coordinates": [28.161535, 29.55209]}, "properties": {"id": "EMIT_L1B_RAD_001_20241003T082129_2427706_014", "country": "Egypt", "n_imeo": 2, "n_cm": 1, "flux_max": 1163.4, "sector": "Oil and Gas", "split": "train", "date": "2024-10-03"}}, {"type": "Feature", "geometry": {"type": "Point", "coordinates": [-99.152939, 19.564885]}, "properties": {"id": "EMIT_L1B_RAD_001_20241003T160209_2427711_001", "country": "Mexico", "n_imeo": 8, "n_cm": 3, "flux_max": 3696.0, "sector": "Waste", "split": "train", "date": "2024-10-03"}}, {"type": "Feature", "geometry": {"type": "Point", "coordinates": [112.912075, 36.0810715]}, "properties": {"id": "EMIT_L1B_RAD_001_20241004T025759_2427802_036", "country": "China", "n_imeo": 22, "n_cm": 12, "flux_max": 7819.0, "sector": "Coal", "split": "train", "date": "2024-10-04"}}, {"type": "Feature", "geometry": {"type": "Point", "coordinates": [40.9938585, 35.238389999999995]}, "properties": {"id": "EMIT_L1B_RAD_001_20241004T073609_2427805_028", "country": "Syrian Arab Republic", "n_imeo": 7, "n_cm": 8, "flux_max": 5200.0, "sector": "Oil and Gas", "split": "train", "date": "2024-10-04"}}, {"type": "Feature", "geometry": {"type": "Point", "coordinates": [40.3015255, 44.9937285]}, "properties": {"id": "EMIT_L1B_RAD_001_20241005T082640_2427906_020", "country": "Russian Federation", "n_imeo": 1, "n_cm": 1, "flux_max": 1027.02, "sector": "Waste", "split": "val", "date": "2024-10-05"}}, {"type": "Feature", "geometry": {"type": "Point", "coordinates": [-95.3059845, 29.7010225]}, "properties": {"id": "EMIT_L1B_RAD_001_20241006T151756_2428010_017", "country": "United States of America", "n_imeo": 2, "n_cm": 2, "flux_max": 1765.0, "sector": "Waste", "split": "train", "date": "2024-10-06"}}, {"type": "Feature", "geometry": {"type": "Point", "coordinates": [28.4956065, 29.5467285]}, "properties": {"id": "EMIT_L1B_RAD_001_20241007T064642_2428105_005", "country": "Egypt", "n_imeo": 7, "n_cm": 4, "flux_max": 1575.0, "sector": "Oil and Gas", "split": "train", "date": "2024-10-07"}}, {"type": "Feature", "geometry": {"type": "Point", "coordinates": [73.2686725, 49.9771385]}, "properties": {"id": "EMIT_L1B_RAD_001_20241009T083516_2428306_035", "country": "Kazakhstan", "n_imeo": 1, "n_cm": 1, "flux_max": 1099.05, "sector": "Coal", "split": "test", "date": "2024-10-09"}}, {"type": "Feature", "geometry": {"type": "Point", "coordinates": [38.695234, 48.433979]}, "properties": {"id": "EMIT_L1B_RAD_001_20241010T105516_2428407_023", "country": "Ukraine", "n_imeo": 2, "n_cm": 1, "flux_max": 2609.0, "sector": "Coal", "split": "test", "date": "2024-10-10"}}, {"type": "Feature", "geometry": {"type": "Point", "coordinates": [52.447426, 43.618883499999995]}, "properties": {"id": "EMIT_L1B_RAD_001_20241014T092223_2428806_007", "country": "Kazakhstan", "n_imeo": 3, "n_cm": 2, "flux_max": 1933.04, "sector": "Oil and Gas", "split": "test", "date": "2024-10-14"}}, {"type": "Feature", "geometry": {"type": "Point", "coordinates": [5.979871, 31.637173]}, "properties": {"id": "EMIT_L1B_RAD_001_20241015T131842_2428909_014", "country": "Algeria", "n_imeo": 5, "n_cm": 2, "flux_max": 1363.42, "sector": "Oil and Gas", "split": "test", "date": "2024-10-15"}}, {"type": "Feature", "geometry": {"type": "Point", "coordinates": [9.4759555, 28.417451999999997]}, "properties": {"id": "EMIT_L1B_RAD_001_20241015T131953_2428909_020", "country": "Algeria", "n_imeo": 1, "n_cm": 1, "flux_max": 1794.09, "sector": "Oil and Gas", "split": "train", "date": "2024-10-15"}}, {"type": "Feature", "geometry": {"type": "Point", "coordinates": [35.421786999999995, 31.83229]}, "properties": {"id": "EMIT_L1B_RAD_001_20241016T105826_2429007_008", "country": "State of Palestine", "n_imeo": 1, "n_cm": 1, "flux_max": 1545.49, "sector": "Waste", "split": "train", "date": "2024-10-16"}}, {"type": "Feature", "geometry": {"type": "Point", "coordinates": [-84.5211865, 34.1704465]}, "properties": {"id": "EMIT_L1B_RAD_001_20241020T170504_2429411_003", "country": "United States of America", "n_imeo": 4, "n_cm": 2, "flux_max": 9215.0, "sector": "Waste", "split": "train", "date": "2024-10-20"}}, {"type": "Feature", "geometry": {"type": "Point", "coordinates": [148.6937485, -23.2578925]}, "properties": {"id": "EMIT_L1B_RAD_001_20241031T005458_2430501_043", "country": "Australia", "n_imeo": 3, "n_cm": 2, "flux_max": 4740.83, "sector": "Coal", "split": "val", "date": "2024-10-31"}}, {"type": "Feature", "geometry": {"type": "Point", "coordinates": [-72.34485649999999, -36.606750500000004]}, "properties": {"id": "EMIT_L1B_RAD_001_20241031T162749_2430511_003", "country": "Chile", "n_imeo": 1, "n_cm": 1, "flux_max": 3330.0, "sector": "Waste", "split": "train", "date": "2024-10-31"}}, {"type": "Feature", "geometry": {"type": "Point", "coordinates": [28.284337, -25.570004500000003]}, "properties": {"id": "EMIT_L1B_RAD_001_20241103T074747_2430805_032", "country": "South Africa", "n_imeo": 1, "n_cm": 1, "flux_max": 1055.0, "sector": "Waste", "split": "test", "date": "2024-11-03"}}, {"type": "Feature", "geometry": {"type": "Point", "coordinates": [-71.2224695, -33.619034]}, "properties": {"id": "EMIT_L1B_RAD_001_20241113T184208_2431812_008", "country": "Chile", "n_imeo": 1, "n_cm": 2, "flux_max": 5244.0, "sector": "Waste", "split": "val", "date": "2024-11-13"}}, {"type": "Feature", "geometry": {"type": "Point", "coordinates": [-70.5957525, -33.105476]}, "properties": {"id": "EMIT_L1B_RAD_001_20241113T184220_2431812_009", "country": "Chile", "n_imeo": 1, "n_cm": 1, "flux_max": 8305.0, "sector": "Waste", "split": "train", "date": "2024-11-13"}}, {"type": "Feature", "geometry": {"type": "Point", "coordinates": [-72.037773, -16.198335]}, "properties": {"id": "EMIT_L1B_RAD_001_20241114T193401_2431912_003", "country": "Peru", "n_imeo": 1, "n_cm": 1, "flux_max": 3189.0, "sector": "Waste", "split": "test", "date": "2024-11-14"}}, {"type": "Feature", "geometry": {"type": "Point", "coordinates": [-70.9212875, -34.3543035]}, "properties": {"id": "EMIT_L1B_RAD_001_20241121T152944_2432610_018", "country": "Chile", "n_imeo": 1, "n_cm": 1, "flux_max": 4211.0, "sector": "Waste", "split": "val", "date": "2024-11-21"}}, {"type": "Feature", "geometry": {"type": "Point", "coordinates": [18.934717, -33.7175695]}, "properties": {"id": "EMIT_L1B_RAD_001_20241124T082936_2432905_018", "country": "South Africa", "n_imeo": 1, "n_cm": 2, "flux_max": 8320.0, "sector": "Waste", "split": "train", "date": "2024-11-24"}}, {"type": "Feature", "geometry": {"type": "Point", "coordinates": [-101.702961, 31.793919499999998]}, "properties": {"id": "EMIT_L1B_RAD_001_20241130T180334_2433512_009", "country": "United States of America", "n_imeo": 3, "n_cm": 4, "flux_max": 2102.0, "sector": "Oil and Gas", "split": "train", "date": "2024-11-30"}}, {"type": "Feature", "geometry": {"type": "Point", "coordinates": [50.632116499999995, 30.4792355]}, "properties": {"id": "EMIT_L1B_RAD_001_20241202T071108_2433705_011", "country": "Iran (Islamic Republic of)", "n_imeo": 4, "n_cm": 2, "flux_max": 5850.0, "sector": "Oil and Gas", "split": "val", "date": "2024-12-02"}}, {"type": "Feature", "geometry": {"type": "Point", "coordinates": [-87.57101850000001, 33.3757305]}, "properties": {"id": "EMIT_L1B_RAD_001_20241202T162913_2433711_026", "country": "United States of America", "n_imeo": 8, "n_cm": 5, "flux_max": 1814.0, "sector": "Coal", "split": "val", "date": "2024-12-02"}}, {"type": "Feature", "geometry": {"type": "Point", "coordinates": [35.530592, 32.5519895]}, "properties": {"id": "EMIT_L1B_RAD_001_20241203T075709_2433806_029", "country": "Israel", "n_imeo": 3, "n_cm": 1, "flux_max": 10467.0, "sector": "Waste", "split": "train", "date": "2024-12-03"}}, {"type": "Feature", "geometry": {"type": "Point", "coordinates": [71.6780015, 25.793724]}, "properties": {"id": "EMIT_L1B_RAD_001_20241216T085254_2435106_006", "country": "India", "n_imeo": 2, "n_cm": 2, "flux_max": 1672.0, "sector": "Oil and Gas", "split": "train", "date": "2024-12-16"}}, {"type": "Feature", "geometry": {"type": "Point", "coordinates": [20.961588499999998, 29.307768000000003]}, "properties": {"id": "EMIT_L1B_RAD_001_20241216T115718_2435108_003", "country": "Libya", "n_imeo": 2, "n_cm": 1, "flux_max": 898.0, "sector": "Oil and Gas", "split": "train", "date": "2024-12-16"}}, {"type": "Feature", "geometry": {"type": "Point", "coordinates": [112.169712, 36.997168]}, "properties": {"id": "EMIT_L1B_RAD_001_20241217T045512_2435203_002", "country": "China", "n_imeo": 12, "n_cm": 3, "flux_max": 5857.0, "sector": "Coal", "split": "train", "date": "2024-12-17"}}, {"type": "Feature", "geometry": {"type": "Point", "coordinates": [112.85665549999999, 36.509823]}, "properties": {"id": "EMIT_L1B_RAD_001_20241217T045523_2435203_003", "country": "China", "n_imeo": 41, "n_cm": 21, "flux_max": 5832.0, "sector": "Coal", "split": "train", "date": "2024-12-17"}}, {"type": "Feature", "geometry": {"type": "Point", "coordinates": [49.4496745, 30.5261845]}, "properties": {"id": "EMIT_L1B_RAD_001_20241217T093605_2435206_015", "country": "Iran (Islamic Republic of)", "n_imeo": 0, "n_cm": 0, "flux_max": null, "sector": "", "split": "test", "date": "2024-12-17"}}, {"type": "Feature", "geometry": {"type": "Point", "coordinates": [-72.1950645, -35.348676999999995]}, "properties": {"id": "EMIT_L1B_RAD_001_20250103T145959_2500310_003", "country": "Chile", "n_imeo": 1, "n_cm": 1, "flux_max": 1113.0, "sector": "Waste", "split": "train", "date": "2025-01-03"}}, {"type": "Feature", "geometry": {"type": "Point", "coordinates": [150.93690500000002, -34.154566]}, "properties": {"id": "EMIT_L1B_RAD_001_20250104T232816_2500415_042", "country": "Australia", "n_imeo": 7, "n_cm": 3, "flux_max": 6927.68, "sector": "Coal", "split": "train", "date": "2025-01-04"}}, {"type": "Feature", "geometry": {"type": "Point", "coordinates": [-58.8726975, -34.830473]}, "properties": {"id": "EMIT_L1B_RAD_001_20250109T114352_2500907_005", "country": "Argentina", "n_imeo": 2, "n_cm": 5, "flux_max": 13882.0, "sector": "Waste", "split": "train", "date": "2025-01-09"}}, {"type": "Feature", "geometry": {"type": "Point", "coordinates": [-67.4622955, -46.70961]}, "properties": {"id": "EMIT_L1B_RAD_001_20250109T181200_2500911_009", "country": "Argentina", "n_imeo": 2, "n_cm": 1, "flux_max": 1841.0, "sector": "Oil and Gas", "split": "train", "date": "2025-01-09"}}, {"type": "Feature", "geometry": {"type": "Point", "coordinates": [-73.0053405, -37.121508]}, "properties": {"id": "EMIT_L1B_RAD_001_20250110T122922_2501008_002", "country": "Chile", "n_imeo": 1, "n_cm": 1, "flux_max": 3009.0, "sector": "Waste", "split": "train", "date": "2025-01-10"}}, {"type": "Feature", "geometry": {"type": "Point", "coordinates": [-63.765001, -31.550503]}, "properties": {"id": "EMIT_L1B_RAD_001_20250113T181315_2501311_020", "country": "Argentina", "n_imeo": 2, "n_cm": 1, "flux_max": 2472.0, "sector": "Waste", "split": "train", "date": "2025-01-13"}}, {"type": "Feature", "geometry": {"type": "Point", "coordinates": [-55.6428585, -34.919844]}, "properties": {"id": "EMIT_L1B_RAD_001_20250115T163712_2501510_034", "country": "Uruguay", "n_imeo": 1, "n_cm": 1, "flux_max": 2773.0, "sector": "Waste", "split": "train", "date": "2025-01-15"}}, {"type": "Feature", "geometry": {"type": "Point", "coordinates": [-71.3074225, -33.4771765]}, "properties": {"id": "EMIT_L1B_RAD_001_20250116T172309_2501611_003", "country": "Chile", "n_imeo": 1, "n_cm": 1, "flux_max": 3376.65, "sector": "Waste", "split": "val", "date": "2025-01-16"}}, {"type": "Feature", "geometry": {"type": "Point", "coordinates": [-70.81002050000001, -33.867857]}, "properties": {"id": "EMIT_L1B_RAD_001_20250120T154540_2502010_018", "country": "Chile", "n_imeo": 3, "n_cm": 3, "flux_max": 12420.0, "sector": "Waste", "split": "val", "date": "2025-01-20"}}, {"type": "Feature", "geometry": {"type": "Point", "coordinates": [148.43261, -22.271055]}, "properties": {"id": "EMIT_L1B_RAD_001_20250123T010414_2502216_028", "country": "Australia", "n_imeo": 2, "n_cm": 1, "flux_max": 945.0, "sector": "Coal", "split": "train", "date": "2025-01-23"}}, {"type": "Feature", "geometry": {"type": "Point", "coordinates": [80.4949225, 13.157891]}, "properties": {"id": "EMIT_L1B_RAD_001_20250123T072714_2502305_009", "country": "India", "n_imeo": 2, "n_cm": 1, "flux_max": 6759.0, "sector": "Waste", "split": "test", "date": "2025-01-23"}}, {"type": "Feature", "geometry": {"type": "Point", "coordinates": [76.8427275, 28.875104]}, "properties": {"id": "EMIT_L1B_RAD_001_20250124T081736_2502406_006", "country": "India", "n_imeo": 1, "n_cm": 1, "flux_max": 4495.0, "sector": "Waste", "split": "val", "date": "2025-01-24"}}, {"type": "Feature", "geometry": {"type": "Point", "coordinates": [-71.3921435, -35.226705499999994]}, "properties": {"id": "EMIT_L1B_RAD_001_20250124T140702_2502409_029", "country": "Chile", "n_imeo": 1, "n_cm": 1, "flux_max": 2508.0, "sector": "Waste", "split": "train", "date": "2025-01-24"}}, {"type": "Feature", "geometry": {"type": "Point", "coordinates": [96.048412, 17.1813085]}, "properties": {"id": "EMIT_L1B_RAD_001_20250125T055258_2502504_011", "country": "Myanmar", "n_imeo": 1, "n_cm": 2, "flux_max": 1449.0, "sector": "Waste", "split": "train", "date": "2025-01-25"}}, {"type": "Feature", "geometry": {"type": "Point", "coordinates": [74.036564, 19.111338500000002]}, "properties": {"id": "EMIT_L1B_RAD_001_20250125T072622_2502505_005", "country": "India", "n_imeo": 2, "n_cm": 1, "flux_max": 2100.0, "sector": "Waste", "split": "train", "date": "2025-01-25"}}, {"type": "Feature", "geometry": {"type": "Point", "coordinates": [-8.055776, 31.823901499999998]}, "properties": {"id": "EMIT_L1B_RAD_001_20250125T134206_2502509_008", "country": "Morocco", "n_imeo": 1, "n_cm": 1, "flux_max": 944.0, "sector": "Waste", "split": "val", "date": "2025-01-25"}}, {"type": "Feature", "geometry": {"type": "Point", "coordinates": [100.0467645, 14.3565005]}, "properties": {"id": "EMIT_L1B_RAD_001_20250126T050409_2502604_009", "country": "Thailand", "n_imeo": 1, "n_cm": 1, "flux_max": 6373.0, "sector": "Waste", "split": "val", "date": "2025-01-26"}}, {"type": "Feature", "geometry": {"type": "Point", "coordinates": [-17.4946815, 14.847982]}, "properties": {"id": "EMIT_L1B_RAD_001_20250126T124821_2502609_002", "country": "Senegal", "n_imeo": 1, "n_cm": 1, "flux_max": 8172.0, "sector": "Waste", "split": "test", "date": "2025-01-26"}}, {"type": "Feature", "geometry": {"type": "Point", "coordinates": [-89.226433, 13.581235]}, "properties": {"id": "EMIT_L1B_RAD_001_20250126T172621_2502612_002", "country": "El Salvador", "n_imeo": 1, "n_cm": 1, "flux_max": 5986.0, "sector": "Waste", "split": "train", "date": "2025-01-26"}}, {"type": "Feature", "geometry": {"type": "Point", "coordinates": [90.657963, 23.909111]}, "properties": {"id": "EMIT_L1B_RAD_001_20250127T055219_2502704_006", "country": "Bangladesh", "n_imeo": 2, "n_cm": 1, "flux_max": 4781.0, "sector": "Waste", "split": "train", "date": "2025-01-27"}}, {"type": "Feature", "geometry": {"type": "Point", "coordinates": [68.674667, 25.622222999999998]}, "properties": {"id": "EMIT_L1B_RAD_001_20250127T072543_2502705_003", "country": "Pakistan", "n_imeo": 3, "n_cm": 6, "flux_max": 5993.0, "sector": "Oil and Gas", "split": "val", "date": "2025-01-27"}}, {"type": "Feature", "geometry": {"type": "Point", "coordinates": [69.75181599999999, 26.734253]}, "properties": {"id": "EMIT_L1B_RAD_001_20250127T072607_2502705_005", "country": "India", "n_imeo": 1, "n_cm": 1, "flux_max": 1481.0, "sector": "Oil and Gas", "split": "train", "date": "2025-01-27"}}, {"type": "Feature", "geometry": {"type": "Point", "coordinates": [-101.552864, 19.8740665]}, "properties": {"id": "EMIT_L1B_RAD_001_20250127T181322_2502712_005", "country": "Mexico", "n_imeo": 1, "n_cm": 1, "flux_max": 902.0, "sector": "Waste", "split": "train", "date": "2025-01-27"}}, {"type": "Feature", "geometry": {"type": "Point", "coordinates": [-100.571327, 21.027571000000002]}, "properties": {"id": "EMIT_L1B_RAD_001_20250127T181345_2502712_007", "country": "Mexico", "n_imeo": 1, "n_cm": 1, "flux_max": 2047.0, "sector": "Waste", "split": "test", "date": "2025-01-27"}}, {"type": "Feature", "geometry": {"type": "Point", "coordinates": [76.0350875, 26.7898085]}, "properties": {"id": "EMIT_L1B_RAD_001_20250128T063810_2502805_012", "country": "India", "n_imeo": 1, "n_cm": 2, "flux_max": 1348.0, "sector": "Waste", "split": "val", "date": "2025-01-28"}}, {"type": "Feature", "geometry": {"type": "Point", "coordinates": [34.805043999999995, 32.339735]}, "properties": {"id": "EMIT_L1B_RAD_001_20250128T094546_2502807_030", "country": "State of Palestine", "n_imeo": 1, "n_cm": 1, "flux_max": 2657.15, "sector": "Waste", "split": "train", "date": "2025-01-28"}}, {"type": "Feature", "geometry": {"type": "Point", "coordinates": [-82.401592, 27.196469]}, "properties": {"id": "EMIT_L1B_RAD_001_20250129T163959_2502911_015", "country": "United States of America", "n_imeo": 1, "n_cm": 1, "flux_max": 1117.0, "sector": "Waste", "split": "train", "date": "2025-01-29"}}, {"type": "Feature", "geometry": {"type": "Point", "coordinates": [-87.8245125, 41.143553]}, "properties": {"id": "EMIT_L1B_RAD_001_20250129T181816_2502912_018", "country": "United States of America", "n_imeo": 1, "n_cm": 1, "flux_max": 716.0, "sector": "Waste", "split": "train", "date": "2025-01-29"}}, {"type": "Feature", "geometry": {"type": "Point", "coordinates": [47.524927, 32.518941999999996]}, "properties": {"id": "EMIT_L1B_RAD_001_20250130T080956_2503006_025", "country": "Iran (Islamic Republic of)", "n_imeo": 2, "n_cm": 3, "flux_max": 2378.0, "sector": "Oil and Gas", "split": "train", "date": "2025-01-30"}}, {"type": "Feature", "geometry": {"type": "Point", "coordinates": [54.7130245, 37.9509065]}, "properties": {"id": "EMIT_L1B_RAD_001_20250130T081205_2503006_033", "country": "Turkmenistan", "n_imeo": 8, "n_cm": 6, "flux_max": 1688.96, "sector": "Oil and Gas", "split": "train", "date": "2025-01-30"}}, {"type": "Feature", "geometry": {"type": "Point", "coordinates": [50.9270705, 29.9841095]}, "properties": {"id": "EMIT_L1B_RAD_001_20250131T072058_2503105_017", "country": "Iran (Islamic Republic of)", "n_imeo": 2, "n_cm": 2, "flux_max": 1416.34, "sector": "Oil and Gas", "split": "val", "date": "2025-01-31"}}, {"type": "Feature", "geometry": {"type": "Point", "coordinates": [35.438692, 36.601814000000005]}, "properties": {"id": "EMIT_L1B_RAD_001_20250131T085618_2503106_027", "country": "T\u00fcrkiye", "n_imeo": 1, "n_cm": 1, "flux_max": 2491.0, "sector": "Waste", "split": "train", "date": "2025-01-31"}}, {"type": "Feature", "geometry": {"type": "Point", "coordinates": [40.0023385, 35.343029]}, "properties": {"id": "EMIT_L1B_RAD_001_20250201T080746_2503206_029", "country": "Syrian Arab Republic", "n_imeo": 8, "n_cm": 10, "flux_max": 8639.0, "sector": "Oil and Gas", "split": "train", "date": "2025-02-01"}}, {"type": "Feature", "geometry": {"type": "Point", "coordinates": [52.7302515, 43.1481155]}, "properties": {"id": "EMIT_L1B_RAD_001_20250201T081107_2503206_046", "country": "Kazakhstan", "n_imeo": 5, "n_cm": 4, "flux_max": 2331.0, "sector": "Oil and Gas", "split": "test", "date": "2025-02-01"}}, {"type": "Feature", "geometry": {"type": "Point", "coordinates": [8.9005415, 28.984094]}, "properties": {"id": "EMIT_L1B_RAD_001_20250201T093810_2503207_011", "country": "Algeria", "n_imeo": 1, "n_cm": 1, "flux_max": 1464.0, "sector": "Oil and Gas", "split": "train", "date": "2025-02-01"}}, {"type": "Feature", "geometry": {"type": "Point", "coordinates": [13.214537499999999, 32.8449805]}, "properties": {"id": "EMIT_L1B_RAD_001_20250201T093932_2503207_018", "country": "Libya", "n_imeo": 1, "n_cm": 2, "flux_max": 8660.0, "sector": "Waste", "split": "train", "date": "2025-02-01"}}, {"type": "Feature", "geometry": {"type": "Point", "coordinates": [-78.1947825, 35.174833500000005]}, "properties": {"id": "EMIT_L1B_RAD_001_20250201T155156_2503211_025", "country": "United States of America", "n_imeo": 1, "n_cm": 1, "flux_max": 2353.0, "sector": "Waste", "split": "train", "date": "2025-02-01"}}, {"type": "Feature", "geometry": {"type": "Point", "coordinates": [56.120279499999995, 22.6796415]}, "properties": {"id": "EMIT_L1B_RAD_001_20250202T054303_2503304_011", "country": "Oman", "n_imeo": 2, "n_cm": 2, "flux_max": 1833.0, "sector": "Oil and Gas", "split": "train", "date": "2025-02-02"}}, {"type": "Feature", "geometry": {"type": "Point", "coordinates": [-0.7993135, 35.602743000000004]}, "properties": {"id": "EMIT_L1B_RAD_001_20250202T102625_2503307_004", "country": "Algeria", "n_imeo": 1, "n_cm": 1, "flux_max": 2619.0, "sector": "Waste", "split": "train", "date": "2025-02-02"}}, {"type": "Feature", "geometry": {"type": "Point", "coordinates": [73.009319, 33.230925]}, "properties": {"id": "EMIT_L1B_RAD_001_20250203T045947_2503404_016", "country": "Pakistan", "n_imeo": 1, "n_cm": 1, "flux_max": 836.0, "sector": "Waste", "split": "train", "date": "2025-02-03"}}, {"type": "Feature", "geometry": {"type": "Point", "coordinates": [19.578395, 29.322504000000002]}, "properties": {"id": "EMIT_L1B_RAD_001_20250210T134943_2504109_010", "country": "Libya", "n_imeo": 1, "n_cm": 1, "flux_max": 1545.0, "sector": "Oil and Gas", "split": "train", "date": "2025-02-10"}}, {"type": "Feature", "geometry": {"type": "Point", "coordinates": [26.352272, 44.5510065]}, "properties": {"id": "EMIT_L1B_RAD_001_20250211T112308_2504208_006", "country": "Romania", "n_imeo": 1, "n_cm": 1, "flux_max": 2872.0, "sector": "Waste", "split": "train", "date": "2025-02-11"}}, {"type": "Feature", "geometry": {"type": "Point", "coordinates": [90.83060449999999, 38.579089999999994]}, "properties": {"id": "EMIT_L1B_RAD_001_20250212T073250_2504305_006", "country": "China", "n_imeo": 1, "n_cm": 2, "flux_max": 2902.0, "sector": "Oil and Gas", "split": "train", "date": "2025-02-12"}}, {"type": "Feature", "geometry": {"type": "Point", "coordinates": [5.1026675, 32.096866500000004]}, "properties": {"id": "EMIT_L1B_RAD_001_20250212T134648_2504309_014", "country": "Algeria", "n_imeo": 1, "n_cm": 1, "flux_max": 2606.0, "sector": "Oil and Gas", "split": "train", "date": "2025-02-12"}}, {"type": "Feature", "geometry": {"type": "Point", "coordinates": [5.709039499999999, 31.5719835]}, "properties": {"id": "EMIT_L1B_RAD_001_20250212T134700_2504309_015", "country": "Algeria", "n_imeo": 4, "n_cm": 4, "flux_max": 1728.39, "sector": "Oil and Gas", "split": "test", "date": "2025-02-12"}}, {"type": "Feature", "geometry": {"type": "Point", "coordinates": [6.899837, 30.5119715]}, "properties": {"id": "EMIT_L1B_RAD_001_20250212T134723_2504309_017", "country": "Algeria", "n_imeo": 1, "n_cm": 1, "flux_max": 4518.43, "sector": "Oil and Gas", "split": "train", "date": "2025-02-12"}}, {"type": "Feature", "geometry": {"type": "Point", "coordinates": [96.4631885, 16.795206]}, "properties": {"id": "EMIT_L1B_RAD_001_20250213T082615_2504406_026", "country": "Myanmar", "n_imeo": 1, "n_cm": 2, "flux_max": 1955.0, "sector": "Waste", "split": "train", "date": "2025-02-13"}}, {"type": "Feature", "geometry": {"type": "Point", "coordinates": [-93.142353, 17.8686375]}, "properties": {"id": "EMIT_L1B_RAD_001_20250213T204835_2504414_037", "country": "Mexico", "n_imeo": 2, "n_cm": 1, "flux_max": 4671.0, "sector": "Oil and Gas", "split": "train", "date": "2025-02-13"}}, {"type": "Feature", "geometry": {"type": "Point", "coordinates": [75.9911615, 27.090994000000002]}, "properties": {"id": "EMIT_L1B_RAD_001_20250215T082031_2504606_002", "country": "India", "n_imeo": 1, "n_cm": 2, "flux_max": 2016.0, "sector": "Waste", "split": "val", "date": "2025-02-15"}}, {"type": "Feature", "geometry": {"type": "Point", "coordinates": [-100.78090700000001, 20.761215]}, "properties": {"id": "EMIT_L1B_RAD_001_20250216T195756_2504713_013", "country": "Mexico", "n_imeo": 1, "n_cm": 1, "flux_max": 2134.12, "sector": "Waste", "split": "test", "date": "2025-02-16"}}, {"type": "Feature", "geometry": {"type": "Point", "coordinates": [-9.554886, 30.4004275]}, "properties": {"id": "EMIT_L1B_RAD_001_20250217T125539_2504809_001", "country": "Morocco", "n_imeo": 1, "n_cm": 1, "flux_max": 2302.0, "sector": "Waste", "split": "train", "date": "2025-02-17"}}, {"type": "Feature", "geometry": {"type": "Point", "coordinates": [-84.67945449999999, 34.110457999999994]}, "properties": {"id": "EMIT_L1B_RAD_001_20250217T173244_2504812_001", "country": "United States of America", "n_imeo": 2, "n_cm": 1, "flux_max": 2575.0, "sector": "Waste", "split": "train", "date": "2025-02-17"}}, {"type": "Feature", "geometry": {"type": "Point", "coordinates": [-84.0432395, 33.599486999999996]}, "properties": {"id": "EMIT_L1B_RAD_001_20250217T173256_2504812_002", "country": "United States of America", "n_imeo": 2, "n_cm": 1, "flux_max": 2451.0, "sector": "Waste", "split": "val", "date": "2025-02-17"}}, {"type": "Feature", "geometry": {"type": "Point", "coordinates": [69.8660165, 28.0379705]}, "properties": {"id": "EMIT_L1B_RAD_001_20250218T073025_2504905_004", "country": "Pakistan", "n_imeo": 2, "n_cm": 2, "flux_max": 8876.0, "sector": "Oil and Gas", "split": "test", "date": "2025-02-18"}}, {"type": "Feature", "geometry": {"type": "Point", "coordinates": [38.5549925, 9.142410000000002]}, "properties": {"id": "EMIT_L1B_RAD_001_20250218T104233_2504907_015", "country": "Ethiopia", "n_imeo": 1, "n_cm": 1, "flux_max": 4887.17, "sector": "Waste", "split": "train", "date": "2025-02-18"}}, {"type": "Feature", "geometry": {"type": "Point", "coordinates": [49.1205365, 31.130904]}, "properties": {"id": "EMIT_L1B_RAD_001_20250219T081432_2505006_005", "country": "Iran (Islamic Republic of)", "n_imeo": 6, "n_cm": 6, "flux_max": 9828.0, "sector": "Oil and Gas", "split": "val", "date": "2025-02-19"}}, {"type": "Feature", "geometry": {"type": "Point", "coordinates": [51.450590000000005, 28.9876185]}, "properties": {"id": "EMIT_L1B_RAD_001_20250219T081519_2505006_009", "country": "Iran (Islamic Republic of)", "n_imeo": 2, "n_cm": 1, "flux_max": 632.0, "sector": "Oil and Gas", "split": "test", "date": "2025-02-19"}}, {"type": "Feature", "geometry": {"type": "Point", "coordinates": [52.016208500000005, 28.44431]}, "properties": {"id": "EMIT_L1B_RAD_001_20250219T081531_2505006_010", "country": "Iran (Islamic Republic of)", "n_imeo": 5, "n_cm": 5, "flux_max": 2079.0, "sector": "Oil and Gas", "split": "test", "date": "2025-02-19"}}, {"type": "Feature", "geometry": {"type": "Point", "coordinates": [-74.53934100000001, 10.9222565]}, "properties": {"id": "EMIT_L1B_RAD_001_20250219T173828_2505012_015", "country": "Colombia", "n_imeo": 1, "n_cm": 1, "flux_max": 1435.0, "sector": "Waste", "split": "train", "date": "2025-02-19"}}, {"type": "Feature", "geometry": {"type": "Point", "coordinates": [-43.652713500000004, -22.418166]}, "properties": {"id": "EMIT_L1B_RAD_001_20250220T170233_2505111_064", "country": "Brazil", "n_imeo": 1, "n_cm": 2, "flux_max": 5180.0, "sector": "Waste", "split": "train", "date": "2025-02-20"}}, {"type": "Feature", "geometry": {"type": "Point", "coordinates": [72.69120050000001, 19.019516]}, "properties": {"id": "EMIT_L1B_RAD_001_20250221T064447_2505205_008", "country": "India", "n_imeo": 2, "n_cm": 2, "flux_max": 12417.0, "sector": "Waste", "split": "train", "date": "2025-02-21"}}, {"type": "Feature", "geometry": {"type": "Point", "coordinates": [77.56831700000001, 12.846827999999999]}, "properties": {"id": "EMIT_L1B_RAD_001_20250221T064651_2505205_014", "country": "India", "n_imeo": 1, "n_cm": 1, "flux_max": 3722.0, "sector": "Waste", "split": "train", "date": "2025-02-21"}}, {"type": "Feature", "geometry": {"type": "Point", "coordinates": [72.8106, 19.084259]}, "properties": {"id": "EMIT_L1B_RAD_001_20250225T051036_2505604_002", "country": "India", "n_imeo": 2, "n_cm": 4, "flux_max": 5994.0, "sector": "Waste", "split": "train", "date": "2025-02-25"}}, {"type": "Feature", "geometry": {"type": "Point", "coordinates": [-70.887543, -35.3927345]}, "properties": {"id": "EMIT_L1B_RAD_001_20250225T175206_2505612_002", "country": "Chile", "n_imeo": 1, "n_cm": 1, "flux_max": 1762.0, "sector": "Waste", "split": "train", "date": "2025-02-25"}}, {"type": "Feature", "geometry": {"type": "Point", "coordinates": [-69.2931785, -45.9658565]}, "properties": {"id": "EMIT_L1B_RAD_001_20250226T184259_2505712_001", "country": "Argentina", "n_imeo": 1, "n_cm": 1, "flux_max": 2115.45, "sector": "Oil and Gas", "split": "train", "date": "2025-02-26"}}, {"type": "Feature", "geometry": {"type": "Point", "coordinates": [-53.531780499999996, -29.807147999999998]}, "properties": {"id": "EMIT_L1B_RAD_001_20250301T144154_2506010_051", "country": "Brazil", "n_imeo": 1, "n_cm": 1, "flux_max": 2263.0, "sector": "Waste", "split": "train", "date": "2025-03-01"}}, {"type": "Feature", "geometry": {"type": "Point", "coordinates": [-46.935356, -23.7642575]}, "properties": {"id": "EMIT_L1B_RAD_001_20250307T113005_2506608_009", "country": "Brazil", "n_imeo": 4, "n_cm": 2, "flux_max": 5526.0, "sector": "Waste", "split": "train", "date": "2025-03-07"}}, {"type": "Feature", "geometry": {"type": "Point", "coordinates": [-58.903324, -34.622101]}, "properties": {"id": "EMIT_L1B_RAD_001_20250307T130659_2506609_025", "country": "Argentina", "n_imeo": 1, "n_cm": 2, "flux_max": 18537.0, "sector": "Waste", "split": "train", "date": "2025-03-07"}}, {"type": "Feature", "geometry": {"type": "Point", "coordinates": [-72.7259635, -37.3274955]}, "properties": {"id": "EMIT_L1B_RAD_001_20250308T135344_2506709_006", "country": "Chile", "n_imeo": 1, "n_cm": 1, "flux_max": 3500.0, "sector": "Waste", "split": "train", "date": "2025-03-08"}}, {"type": "Feature", "geometry": {"type": "Point", "coordinates": [-71.029541, -34.093252500000006]}, "properties": {"id": "EMIT_L1B_RAD_001_20250309T130514_2506809_003", "country": "Chile", "n_imeo": 1, "n_cm": 1, "flux_max": 6683.0, "sector": "Waste", "split": "val", "date": "2025-03-09"}}, {"type": "Feature", "geometry": {"type": "Point", "coordinates": [-68.8813705, -45.58379]}, "properties": {"id": "EMIT_L1B_RAD_001_20250314T171053_2507311_008", "country": "Argentina", "n_imeo": 1, "n_cm": 1, "flux_max": 831.0, "sector": "Oil and Gas", "split": "train", "date": "2025-03-14"}}, {"type": "Feature", "geometry": {"type": "Point", "coordinates": [-64.5340235, 9.932478499999998]}, "properties": {"id": "EMIT_L1B_RAD_001_20250321T181151_2508012_032", "country": "Venezuela", "n_imeo": 1, "n_cm": 1, "flux_max": 7287.96, "sector": "Oil and Gas", "split": "train", "date": "2025-03-21"}}, {"type": "Feature", "geometry": {"type": "Point", "coordinates": [-70.93042750000001, -33.903137]}, "properties": {"id": "EMIT_L1B_RAD_001_20250322T153656_2508111_002", "country": "Chile", "n_imeo": 3, "n_cm": 2, "flux_max": 8529.73, "sector": "Waste", "split": "val", "date": "2025-03-22"}}, {"type": "Feature", "geometry": {"type": "Point", "coordinates": [72.5582465, 18.959787]}, "properties": {"id": "EMIT_L1B_RAD_001_20250323T085611_2508206_002", "country": "India", "n_imeo": 1, "n_cm": 1, "flux_max": 9885.0, "sector": "Waste", "split": "train", "date": "2025-03-23"}}, {"type": "Feature", "geometry": {"type": "Point", "coordinates": [-92.82736600000001, 18.697684000000002]}, "properties": {"id": "EMIT_L1B_RAD_001_20250323T194602_2508213_008", "country": "Mexico", "n_imeo": 1, "n_cm": 1, "flux_max": 9884.93, "sector": "Oil and Gas", "split": "train", "date": "2025-03-23"}}, {"type": "Feature", "geometry": {"type": "Point", "coordinates": [-103.6588745, 31.963022000000002]}, "properties": {"id": "EMIT_L1B_RAD_001_20250323T212330_2508214_007", "country": "United States of America", "n_imeo": 8, "n_cm": 10, "flux_max": 3082.24, "sector": "Oil and Gas", "split": "train", "date": "2025-03-23"}}, {"type": "Feature", "geometry": {"type": "Point", "coordinates": [-96.6202355, 32.7775155]}, "properties": {"id": "EMIT_L1B_RAD_001_20250324T203634_2508313_009", "country": "United States of America", "n_imeo": 1, "n_cm": 3, "flux_max": 3485.0, "sector": "Waste", "split": "train", "date": "2025-03-24"}}, {"type": "Feature", "geometry": {"type": "Point", "coordinates": [80.0728605, 13.0674985]}, "properties": {"id": "EMIT_L1B_RAD_001_20250325T071934_2508405_011", "country": "India", "n_imeo": 2, "n_cm": 2, "flux_max": 6005.0, "sector": "Waste", "split": "test", "date": "2025-03-25"}}, {"type": "Feature", "geometry": {"type": "Point", "coordinates": [-82.0990755, 30.0224825]}, "properties": {"id": "EMIT_L1B_RAD_001_20250501T125402_2512108_002", "country": "United States of America", "n_imeo": 1, "n_cm": 1, "flux_max": 4689.55, "sector": "Waste", "split": "train", "date": "2025-05-01"}}, {"type": "Feature", "geometry": {"type": "Point", "coordinates": [-79.9795, -1.836786]}, "properties": {"id": "EMIT_L1B_RAD_001_20250501T143741_2512109_014", "country": "Ecuador", "n_imeo": 1, "n_cm": 1, "flux_max": 5257.0, "sector": "Waste", "split": "test", "date": "2025-05-01"}}, {"type": "Feature", "geometry": {"type": "Point", "coordinates": [72.471588, 22.829908500000002]}, "properties": {"id": "EMIT_L1B_RAD_001_20250502T025229_2512202_003", "country": "India", "n_imeo": 4, "n_cm": 4, "flux_max": 2839.0, "sector": "Oil and Gas", "split": "train", "date": "2025-05-02"}}, {"type": "Feature", "geometry": {"type": "Point", "coordinates": [-71.06317899999999, -33.0244275]}, "properties": {"id": "EMIT_L1B_RAD_001_20250502T153433_2512210_005", "country": "Chile", "n_imeo": 2, "n_cm": 2, "flux_max": 21614.0, "sector": "Waste", "split": "train", "date": "2025-05-02"}}, {"type": "Feature", "geometry": {"type": "Point", "coordinates": [-70.4367595, -33.539009]}, "properties": {"id": "EMIT_L1B_RAD_001_20250502T153444_2512210_006", "country": "Chile", "n_imeo": 2, "n_cm": 2, "flux_max": 8786.0, "sector": "Waste", "split": "val", "date": "2025-05-02"}}, {"type": "Feature", "geometry": {"type": "Point", "coordinates": [-70.44891000000001, -33.4705965]}, "properties": {"id": "EMIT_L1B_RAD_001_20250515T181208_2513512_003", "country": "Chile", "n_imeo": 2, "n_cm": 3, "flux_max": 12009.0, "sector": "Waste", "split": "val", "date": "2025-05-15"}}, {"type": "Feature", "geometry": {"type": "Point", "coordinates": [-71.6003645, -16.375097500000003]}, "properties": {"id": "EMIT_L1B_RAD_001_20250516T190406_2513613_002", "country": "Peru", "n_imeo": 1, "n_cm": 1, "flux_max": 2552.0, "sector": "Waste", "split": "test", "date": "2025-05-16"}}, {"type": "Feature", "geometry": {"type": "Point", "coordinates": [-47.3070415, -22.711394]}, "properties": {"id": "EMIT_L1B_RAD_001_20250517T164201_2513711_009", "country": "Brazil", "n_imeo": 2, "n_cm": 1, "flux_max": 2073.0, "sector": "Waste", "split": "train", "date": "2025-05-17"}}, {"type": "Feature", "geometry": {"type": "Point", "coordinates": [-46.9813345, -22.857052]}, "properties": {"id": "EMIT_L1B_RAD_001_20250521T150649_2514110_006", "country": "Brazil", "n_imeo": 1, "n_cm": 1, "flux_max": 5775.0, "sector": "Waste", "split": "train", "date": "2025-05-21"}}, {"type": "Feature", "geometry": {"type": "Point", "coordinates": [-66.2555845, -17.766209500000002]}, "properties": {"id": "EMIT_L1B_RAD_001_20250521T164125_2514111_004", "country": "Bolivia (Plurinational State of)", "n_imeo": 1, "n_cm": 1, "flux_max": 1260.0, "sector": "Waste", "split": "train", "date": "2025-05-21"}}, {"type": "Feature", "geometry": {"type": "Point", "coordinates": [66.7942505, 25.1451475]}, "properties": {"id": "EMIT_L1B_RAD_001_20250522T095711_2514207_002", "country": "Pakistan", "n_imeo": 1, "n_cm": 1, "flux_max": 5006.0, "sector": "Waste", "split": "train", "date": "2025-05-22"}}, {"type": "Feature", "geometry": {"type": "Point", "coordinates": [-115.119999, 36.160538]}, "properties": {"id": "EMIT_L1B_RAD_001_20250525T213542_2514514_008", "country": "United States of America", "n_imeo": 1, "n_cm": 2, "flux_max": 2233.49, "sector": "Waste", "split": "test", "date": "2025-05-25"}}, {"type": "Feature", "geometry": {"type": "Point", "coordinates": [74.4647065, 31.9935255]}, "properties": {"id": "EMIT_L1B_RAD_001_20250526T082401_2514606_008", "country": "Pakistan", "n_imeo": 2, "n_cm": 1, "flux_max": 2513.0, "sector": "Waste", "split": "train", "date": "2025-05-26"}}, {"type": "Feature", "geometry": {"type": "Point", "coordinates": [9.7850345, 36.788726999999994]}, "properties": {"id": "EMIT_L1B_RAD_001_20250526T130431_2514609_011", "country": "Tunisia", "n_imeo": 1, "n_cm": 1, "flux_max": 1402.0, "sector": "Waste", "split": "val", "date": "2025-05-26"}}, {"type": "Feature", "geometry": {"type": "Point", "coordinates": [30.919556, 29.851014]}, "properties": {"id": "EMIT_L1B_RAD_001_20250527T104151_2514707_013", "country": "Egypt", "n_imeo": 1, "n_cm": 1, "flux_max": 8569.0, "sector": "Waste", "split": "train", "date": "2025-05-27"}}, {"type": "Feature", "geometry": {"type": "Point", "coordinates": [31.783842999999997, 30.640428999999997]}, "properties": {"id": "EMIT_L1B_RAD_001_20250527T104203_2514707_014", "country": "Egypt", "n_imeo": 1, "n_cm": 2, "flux_max": 2433.64, "sector": "Waste", "split": "val", "date": "2025-05-27"}}, {"type": "Feature", "geometry": {"type": "Point", "coordinates": [-92.98281850000001, 16.7528815]}, "properties": {"id": "EMIT_L1B_RAD_001_20250528T173422_2514812_005", "country": "Mexico", "n_imeo": 1, "n_cm": 1, "flux_max": 1851.0, "sector": "Waste", "split": "train", "date": "2025-05-28"}}, {"type": "Feature", "geometry": {"type": "Point", "coordinates": [117.0603485, 32.7139815]}, "properties": {"id": "EMIT_L1B_RAD_001_20250529T042958_2514903_030", "country": "China", "n_imeo": 4, "n_cm": 4, "flux_max": 1861.24, "sector": "Coal", "split": "train", "date": "2025-05-29"}}, {"type": "Feature", "geometry": {"type": "Point", "coordinates": [54.4906655, 38.7802065]}, "properties": {"id": "EMIT_L1B_RAD_001_20250529T091057_2514906_036", "country": "Turkmenistan", "n_imeo": 8, "n_cm": 12, "flux_max": 13394.0, "sector": "Oil and Gas", "split": "train", "date": "2025-05-29"}}, {"type": "Feature", "geometry": {"type": "Point", "coordinates": [-17.669684500000002, 14.798713]}, "properties": {"id": "EMIT_L1B_RAD_001_20250529T120756_2514908_002", "country": "Senegal", "n_imeo": 1, "n_cm": 2, "flux_max": 4933.0, "sector": "Waste", "split": "test", "date": "2025-05-29"}}, {"type": "Feature", "geometry": {"type": "Point", "coordinates": [-89.35606, 13.633547]}, "properties": {"id": "EMIT_L1B_RAD_001_20250529T164606_2514911_002", "country": "El Salvador", "n_imeo": 1, "n_cm": 1, "flux_max": 677.0, "sector": "Waste", "split": "train", "date": "2025-05-29"}}, {"type": "Feature", "geometry": {"type": "Point", "coordinates": [75.84819, 27.047213499999998]}, "properties": {"id": "EMIT_L1B_RAD_001_20250531T055906_2515104_005", "country": "India", "n_imeo": 1, "n_cm": 1, "flux_max": 1073.0, "sector": "Waste", "split": "val", "date": "2025-05-31"}}, {"type": "Feature", "geometry": {"type": "Point", "coordinates": [-121.8309785, 38.987614]}, "properties": {"id": "EMIT_L1B_RAD_001_20250531T195920_2515113_004", "country": "United States of America", "n_imeo": 1, "n_cm": 1, "flux_max": 1035.0, "sector": "Waste", "split": "val", "date": "2025-05-31"}}, {"type": "Feature", "geometry": {"type": "Point", "coordinates": [38.6542415, 45.5092755]}, "properties": {"id": "EMIT_L1B_RAD_001_20250601T095758_2515207_019", "country": "Russian Federation", "n_imeo": 1, "n_cm": 1, "flux_max": 3396.75, "sector": "Waste", "split": "test", "date": "2025-06-01"}}, {"type": "Feature", "geometry": {"type": "Point", "coordinates": [-89.1418, 32.1879645]}, "properties": {"id": "EMIT_L1B_RAD_001_20250603T160149_2515411_024", "country": "United States of America", "n_imeo": 1, "n_cm": 1, "flux_max": 2421.66, "sector": "Waste", "split": "train", "date": "2025-06-03"}}, {"type": "Feature", "geometry": {"type": "Point", "coordinates": [-87.2752725, 33.741265999999996]}, "properties": {"id": "EMIT_L1B_RAD_001_20250603T160225_2515411_027", "country": "United States of America", "n_imeo": 12, "n_cm": 4, "flux_max": 2159.17, "sector": "Coal", "split": "val", "date": "2025-06-03"}}, {"type": "Feature", "geometry": {"type": "Point", "coordinates": [111.74124950000001, 36.8880445]}, "properties": {"id": "EMIT_L1B_RAD_001_20250604T025333_2515502_020", "country": "China", "n_imeo": 10, "n_cm": 2, "flux_max": 3061.0, "sector": "Coal", "split": "train", "date": "2025-06-04"}}, {"type": "Feature", "geometry": {"type": "Point", "coordinates": [112.434467, 37.3718735]}, "properties": {"id": "EMIT_L1B_RAD_001_20250604T025345_2515502_021", "country": "China", "n_imeo": 7, "n_cm": 3, "flux_max": 3927.73, "sector": "Coal", "split": "train", "date": "2025-06-04"}}, {"type": "Feature", "geometry": {"type": "Point", "coordinates": [113.1369665, 37.85038]}, "properties": {"id": "EMIT_L1B_RAD_001_20250604T025357_2515502_022", "country": "China", "n_imeo": 42, "n_cm": 41, "flux_max": 11157.23, "sector": "Coal", "split": "train", "date": "2025-06-04"}}, {"type": "Feature", "geometry": {"type": "Point", "coordinates": [72.45982749999999, 49.9941235]}, "properties": {"id": "EMIT_L1B_RAD_001_20250604T073906_2515505_034", "country": "Kazakhstan", "n_imeo": 6, "n_cm": 1, "flux_max": 3277.11, "sector": "Coal", "split": "test", "date": "2025-06-04"}}, {"type": "Feature", "geometry": {"type": "Point", "coordinates": [22.96344, 40.485613]}, "properties": {"id": "EMIT_L1B_RAD_001_20250604T090626_2515506_016", "country": "Greece", "n_imeo": 1, "n_cm": 1, "flux_max": 2136.0, "sector": "Waste", "split": "train", "date": "2025-06-04"}}, {"type": "Feature", "geometry": {"type": "Point", "coordinates": [-76.883438, 36.9772145]}, "properties": {"id": "EMIT_L1B_RAD_001_20250604T151620_2515510_021", "country": "United States of America", "n_imeo": 1, "n_cm": 1, "flux_max": 4258.98, "sector": "Waste", "split": "train", "date": "2025-06-04"}}, {"type": "Feature", "geometry": {"type": "Point", "coordinates": [20.851367, 45.0647415]}, "properties": {"id": "EMIT_L1B_RAD_001_20250606T090643_2515706_017", "country": "Serbia", "n_imeo": 1, "n_cm": 1, "flux_max": 2235.0, "sector": "Waste", "split": "train", "date": "2025-06-06"}}, {"type": "Feature", "geometry": {"type": "Point", "coordinates": [52.825659, 43.350277000000006]}, "properties": {"id": "EMIT_L1B_RAD_001_20250608T055810_2515904_019", "country": "Kazakhstan", "n_imeo": 13, "n_cm": 18, "flux_max": 3744.0, "sector": "Oil and Gas", "split": "test", "date": "2025-06-08"}}, {"type": "Feature", "geometry": {"type": "Point", "coordinates": [-87.604584, 40.736494500000006]}, "properties": {"id": "EMIT_L1B_RAD_001_20250609T142632_2516009_002", "country": "United States of America", "n_imeo": 1, "n_cm": 1, "flux_max": 739.0, "sector": "Waste", "split": "train", "date": "2025-06-09"}}, {"type": "Feature", "geometry": {"type": "Point", "coordinates": [-122.884033, 46.256902499999995]}, "properties": {"id": "EMIT_L1B_RAD_001_20250609T173458_2516011_005", "country": "United States of America", "n_imeo": 1, "n_cm": 1, "flux_max": 3158.0, "sector": "Waste", "split": "val", "date": "2025-06-09"}}, {"type": "Feature", "geometry": {"type": "Point", "coordinates": [20.968401999999998, 44.7445295]}, "properties": {"id": "EMIT_L1B_RAD_001_20250610T072939_2516105_001", "country": "Serbia", "n_imeo": 1, "n_cm": 1, "flux_max": 3034.0, "sector": "Waste", "split": "train", "date": "2025-06-10"}}, {"type": "Feature", "geometry": {"type": "Point", "coordinates": [64.817909, 39.166132000000005]}, "properties": {"id": "EMIT_L1B_RAD_001_20250611T100408_2516206_015", "country": "Uzbekistan", "n_imeo": 1, "n_cm": 1, "flux_max": 4042.0, "sector": "Oil and Gas", "split": "test", "date": "2025-06-11"}}, {"type": "Feature", "geometry": {"type": "Point", "coordinates": [65.76630399999999, 38.5604995]}, "properties": {"id": "EMIT_L1B_RAD_001_20250611T100420_2516206_016", "country": "Uzbekistan", "n_imeo": 2, "n_cm": 1, "flux_max": 1499.0, "sector": "Oil and Gas", "split": "train", "date": "2025-06-11"}}, {"type": "Feature", "geometry": {"type": "Point", "coordinates": [6.4200215, 29.573691500000002]}, "properties": {"id": "EMIT_L1B_RAD_001_20250611T144623_2516209_025", "country": "Algeria", "n_imeo": 1, "n_cm": 1, "flux_max": 789.0, "sector": "Oil and Gas", "split": "train", "date": "2025-06-11"}}, {"type": "Feature", "geometry": {"type": "Point", "coordinates": [72.4732515, 22.7724245]}, "properties": {"id": "EMIT_L1B_RAD_001_20250613T100808_2516406_026", "country": "India", "n_imeo": 2, "n_cm": 2, "flux_max": 2379.06, "sector": "Oil and Gas", "split": "train", "date": "2025-06-13"}}, {"type": "Feature", "geometry": {"type": "Point", "coordinates": [-101.7027625, 31.7647975]}, "properties": {"id": "EMIT_L1B_RAD_001_20250613T205444_2516413_033", "country": "United States of America", "n_imeo": 1, "n_cm": 1, "flux_max": 2211.0, "sector": "Oil and Gas", "split": "test", "date": "2025-06-13"}}, {"type": "Feature", "geometry": {"type": "Point", "coordinates": [9.2517035, 27.759943999999997]}, "properties": {"id": "EMIT_L1B_RAD_001_20250615T130947_2516608_024", "country": "Algeria", "n_imeo": 1, "n_cm": 1, "flux_max": 2244.0, "sector": "Oil and Gas", "split": "train", "date": "2025-06-15"}}, {"type": "Feature", "geometry": {"type": "Point", "coordinates": [-121.69545, 38.3512575]}, "properties": {"id": "EMIT_L1B_RAD_001_20250615T204951_2516613_007", "country": "United States of America", "n_imeo": 1, "n_cm": 1, "flux_max": 1368.0, "sector": "Waste", "split": "train", "date": "2025-06-15"}}, {"type": "Feature", "geometry": {"type": "Point", "coordinates": [34.8598885, 31.5975295]}, "properties": {"id": "EMIT_L1B_RAD_001_20250616T104758_2516707_014", "country": "Israel", "n_imeo": 3, "n_cm": 2, "flux_max": 5670.0, "sector": "Oil and Gas", "split": "train", "date": "2025-06-16"}}, {"type": "Feature", "geometry": {"type": "Point", "coordinates": [-100.5586015, 25.735349499999998]}, "properties": {"id": "EMIT_L1B_RAD_001_20250616T200704_2516713_034", "country": "Mexico", "n_imeo": 1, "n_cm": 3, "flux_max": 7673.62, "sector": "Waste", "split": "train", "date": "2025-06-16"}}, {"type": "Feature", "geometry": {"type": "Point", "coordinates": [9.751936, 28.255339499999998]}, "properties": {"id": "EMIT_L1B_RAD_001_20250619T113205_2517007_019", "country": "Algeria", "n_imeo": 1, "n_cm": 3, "flux_max": 2414.23, "sector": "Oil and Gas", "split": "train", "date": "2025-06-19"}}, {"type": "Feature", "geometry": {"type": "Point", "coordinates": [21.519391, 28.7143925]}, "properties": {"id": "EMIT_L1B_RAD_001_20250621T095653_2517206_005", "country": "Libya", "n_imeo": 2, "n_cm": 7, "flux_max": 4754.0, "sector": "Oil and Gas", "split": "train", "date": "2025-06-21"}}, {"type": "Feature", "geometry": {"type": "Point", "coordinates": [-80.3965875, 35.2023375]}, "properties": {"id": "EMIT_L1B_RAD_001_20250621T160548_2517210_035", "country": "United States of America", "n_imeo": 2, "n_cm": 3, "flux_max": 1159.0, "sector": "Waste", "split": "test", "date": "2025-06-21"}}, {"type": "Feature", "geometry": {"type": "Point", "coordinates": [109.04668799999999, 38.9745465]}, "properties": {"id": "EMIT_L1B_RAD_001_20250622T025405_2517302_009", "country": "China", "n_imeo": 1, "n_cm": 1, "flux_max": 1813.0, "sector": "Oil and Gas", "split": "train", "date": "2025-06-22"}}, {"type": "Feature", "geometry": {"type": "Point", "coordinates": [111.8968235, 37.0794505]}, "properties": {"id": "EMIT_L1B_RAD_001_20250622T025452_2517302_013", "country": "China", "n_imeo": 8, "n_cm": 5, "flux_max": 6809.0, "sector": "Coal", "split": "train", "date": "2025-06-22"}}, {"type": "Feature", "geometry": {"type": "Point", "coordinates": [112.585354, 36.593391]}, "properties": {"id": "EMIT_L1B_RAD_001_20250622T025504_2517302_014", "country": "China", "n_imeo": 21, "n_cm": 14, "flux_max": 7191.0, "sector": "Coal", "split": "train", "date": "2025-06-22"}}, {"type": "Feature", "geometry": {"type": "Point", "coordinates": [62.8002165, 38.369817999999995]}, "properties": {"id": "EMIT_L1B_RAD_001_20250622T060000_2517304_009", "country": "Turkmenistan", "n_imeo": 2, "n_cm": 4, "flux_max": 1927.65, "sector": "Oil and Gas", "split": "train", "date": "2025-06-22"}}, {"type": "Feature", "geometry": {"type": "Point", "coordinates": [50.10606, 29.797193]}, "properties": {"id": "EMIT_L1B_RAD_001_20250622T073610_2517305_025", "country": "Iran (Islamic Republic of)", "n_imeo": 1, "n_cm": 1, "flux_max": 966.28, "sector": "Oil and Gas", "split": "val", "date": "2025-06-22"}}, {"type": "Feature", "geometry": {"type": "Point", "coordinates": [-6.1722615, 37.1501065]}, "properties": {"id": "EMIT_L1B_RAD_001_20250622T103857_2517307_007", "country": "Spain", "n_imeo": 1, "n_cm": 1, "flux_max": 3856.0, "sector": "Waste", "split": "train", "date": "2025-06-22"}}, {"type": "Feature", "geometry": {"type": "Point", "coordinates": [-80.6969605, 39.605770500000006]}, "properties": {"id": "EMIT_L1B_RAD_001_20250622T151627_2517310_021", "country": "United States of America", "n_imeo": 9, "n_cm": 6, "flux_max": 5565.3, "sector": "Coal", "split": "test", "date": "2025-06-22"}}, {"type": "Feature", "geometry": {"type": "Point", "coordinates": [94.13681, 37.2917975]}, "properties": {"id": "EMIT_L1B_RAD_001_20250623T034004_2517402_005", "country": "China", "n_imeo": 3, "n_cm": 2, "flux_max": 5157.0, "sector": "Oil and Gas", "split": "train", "date": "2025-06-23"}}, {"type": "Feature", "geometry": {"type": "Point", "coordinates": [-0.8330265, 37.697233499999996]}, "properties": {"id": "EMIT_L1B_RAD_001_20250623T095109_2517406_009", "country": "Spain", "n_imeo": 1, "n_cm": 1, "flux_max": 4125.0, "sector": "Waste", "split": "val", "date": "2025-06-23"}}, {"type": "Feature", "geometry": {"type": "Point", "coordinates": [49.007822000000004, 39.922455]}, "properties": {"id": "EMIT_L1B_RAD_001_20250624T055703_2517504_008", "country": "Azerbaijan", "n_imeo": 1, "n_cm": 1, "flux_max": 2780.0, "sector": "Oil and Gas", "split": "val", "date": "2025-06-24"}}, {"type": "Feature", "geometry": {"type": "Point", "coordinates": [23.232507, 41.1822035]}, "properties": {"id": "EMIT_L1B_RAD_001_20250624T072920_2517505_006", "country": "Greece", "n_imeo": 1, "n_cm": 1, "flux_max": 2249.0, "sector": "Waste", "split": "train", "date": "2025-06-24"}}, {"type": "Feature", "geometry": {"type": "Point", "coordinates": [-9.1484305, 30.482678999999997]}, "properties": {"id": "EMIT_L1B_RAD_001_20250624T103917_2517507_002", "country": "Morocco", "n_imeo": 1, "n_cm": 1, "flux_max": 2867.0, "sector": "Waste", "split": "train", "date": "2025-06-24"}}, {"type": "Feature", "geometry": {"type": "Point", "coordinates": [80.2983745, 38.96978]}, "properties": {"id": "EMIT_L1B_RAD_001_20250625T033704_2517602_003", "country": "China", "n_imeo": 1, "n_cm": 1, "flux_max": 4982.0, "sector": "Oil and Gas", "split": "train", "date": "2025-06-25"}}, {"type": "Feature", "geometry": {"type": "Point", "coordinates": [33.826654500000004, -16.1628445]}, "properties": {"id": "EMIT_L1B_RAD_001_20250625T100719_2517606_025", "country": "Mozambique", "n_imeo": 1, "n_cm": 1, "flux_max": 4084.0, "sector": "Coal", "split": "val", "date": "2025-06-25"}}, {"type": "Feature", "geometry": {"type": "Point", "coordinates": [-82.332241, 37.311983]}, "properties": {"id": "EMIT_L1B_RAD_001_20250625T142733_2517609_008", "country": "United States of America", "n_imeo": 3, "n_cm": 1, "flux_max": 3504.0, "sector": "Coal", "split": "train", "date": "2025-06-25"}}, {"type": "Feature", "geometry": {"type": "Point", "coordinates": [49.128452499999995, 31.565203000000004]}, "properties": {"id": "EMIT_L1B_RAD_001_20250626T055804_2517704_014", "country": "Iran (Islamic Republic of)", "n_imeo": 6, "n_cm": 7, "flux_max": 5667.0, "sector": "Oil and Gas", "split": "val", "date": "2025-06-26"}}, {"type": "Feature", "geometry": {"type": "Point", "coordinates": [49.727346499999996, 31.036417999999998]}, "properties": {"id": "EMIT_L1B_RAD_001_20250626T055816_2517704_015", "country": "Iran (Islamic Republic of)", "n_imeo": 9, "n_cm": 11, "flux_max": 8284.0, "sector": "Oil and Gas", "split": "val", "date": "2025-06-26"}}, {"type": "Feature", "geometry": {"type": "Point", "coordinates": [-110.829094, 32.402581500000004]}, "properties": {"id": "EMIT_L1B_RAD_001_20250627T155956_2517810_004", "country": "United States of America", "n_imeo": 1, "n_cm": 1, "flux_max": 1032.0, "sector": "Waste", "split": "test", "date": "2025-06-27"}}, {"type": "Feature", "geometry": {"type": "Point", "coordinates": [-97.87128849999999, 19.0923455]}, "properties": {"id": "EMIT_L1B_RAD_001_20250627T160440_2517810_015", "country": "Mexico", "n_imeo": 1, "n_cm": 2, "flux_max": 1750.0, "sector": "Waste", "split": "test", "date": "2025-06-27"}}, {"type": "Feature", "geometry": {"type": "Point", "coordinates": [-44.2550295, -19.7514335]}, "properties": {"id": "EMIT_L1B_RAD_001_20250701T130659_2518208_050", "country": "Brazil", "n_imeo": 1, "n_cm": 1, "flux_max": 8003.0, "sector": "Waste", "split": "test", "date": "2025-07-01"}}, {"type": "Feature", "geometry": {"type": "Point", "coordinates": [-51.603632000000005, -30.3492815]}, "properties": {"id": "EMIT_L1B_RAD_001_20250702T135550_2518309_047", "country": "Brazil", "n_imeo": 1, "n_cm": 1, "flux_max": 5969.0, "sector": "Waste", "split": "train", "date": "2025-07-02"}}, {"type": "Feature", "geometry": {"type": "Point", "coordinates": [-48.7013495, -27.218092]}, "properties": {"id": "EMIT_L1B_RAD_001_20250703T130704_2518408_052", "country": "Brazil", "n_imeo": 1, "n_cm": 1, "flux_max": 6545.0, "sector": "Waste", "split": "train", "date": "2025-07-03"}}, {"type": "Feature", "geometry": {"type": "Point", "coordinates": [51.1971435, 30.3850175]}, "properties": {"id": "EMIT_L1B_RAD_001_20250722T111148_2520307_030", "country": "Iran (Islamic Republic of)", "n_imeo": 2, "n_cm": 1, "flux_max": 3870.98, "sector": "Oil and Gas", "split": "val", "date": "2025-07-22"}}, {"type": "Feature", "geometry": {"type": "Point", "coordinates": [-8.540633, 38.877872499999995]}, "properties": {"id": "EMIT_L1B_RAD_001_20250722T155341_2520310_026", "country": "Portugal", "n_imeo": 1, "n_cm": 1, "flux_max": 3111.0, "sector": "Waste", "split": "train", "date": "2025-07-22"}}, {"type": "Feature", "geometry": {"type": "Point", "coordinates": [13.8369435, 32.895702]}, "properties": {"id": "EMIT_L1B_RAD_001_20250727T115403_2520808_015", "country": "Libya", "n_imeo": 1, "n_cm": 2, "flux_max": 4129.0, "sector": "Waste", "split": "train", "date": "2025-07-27"}}, {"type": "Feature", "geometry": {"type": "Point", "coordinates": [-4.4424905, 36.970989]}, "properties": {"id": "EMIT_L1B_RAD_001_20250727T132834_2520809_003", "country": "Spain", "n_imeo": 1, "n_cm": 1, "flux_max": 1779.57, "sector": "Waste", "split": "test", "date": "2025-07-27"}}, {"type": "Feature", "geometry": {"type": "Point", "coordinates": [-121.299511, 37.732788]}, "properties": {"id": "EMIT_L1B_RAD_001_20250727T211303_2520814_003", "country": "United States of America", "n_imeo": 1, "n_cm": 1, "flux_max": 3917.0, "sector": "Waste", "split": "test", "date": "2025-07-27"}}, {"type": "Feature", "geometry": {"type": "Point", "coordinates": [-0.44259149999999997, 35.420641]}, "properties": {"id": "EMIT_L1B_RAD_001_20250728T124026_2520908_002", "country": "Algeria", "n_imeo": 1, "n_cm": 1, "flux_max": 3252.0, "sector": "Waste", "split": "train", "date": "2025-07-28"}}, {"type": "Feature", "geometry": {"type": "Point", "coordinates": [21.703822, 28.9559285]}, "properties": {"id": "EMIT_L1B_RAD_001_20250729T101738_2521007_011", "country": "Libya", "n_imeo": 3, "n_cm": 2, "flux_max": 1726.0, "sector": "Oil and Gas", "split": "train", "date": "2025-07-29"}}, {"type": "Feature", "geometry": {"type": "Point", "coordinates": [-95.5697475, 29.5978725]}, "properties": {"id": "EMIT_L1B_RAD_001_20250729T180201_2521012_016", "country": "United States of America", "n_imeo": 2, "n_cm": 4, "flux_max": 4134.03, "sector": "Waste", "split": "train", "date": "2025-07-29"}}, {"type": "Feature", "geometry": {"type": "Point", "coordinates": [-94.99015, 30.1355785]}, "properties": {"id": "EMIT_L1B_RAD_001_20250729T180213_2521012_017", "country": "United States of America", "n_imeo": 4, "n_cm": 1, "flux_max": 5945.0, "sector": "Waste", "split": "train", "date": "2025-07-29"}}, {"type": "Feature", "geometry": {"type": "Point", "coordinates": [111.3384015, 38.9737435]}, "properties": {"id": "EMIT_L1B_RAD_001_20250730T045529_2521103_029", "country": "China", "n_imeo": 4, "n_cm": 3, "flux_max": 3115.0, "sector": "Coal", "split": "test", "date": "2025-07-30"}}, {"type": "Feature", "geometry": {"type": "Point", "coordinates": [112.628395, 35.620827]}, "properties": {"id": "EMIT_L1B_RAD_001_20250731T040632_2521203_025", "country": "China", "n_imeo": 21, "n_cm": 20, "flux_max": 16103.0, "sector": "Coal", "split": "train", "date": "2025-07-31"}}, {"type": "Feature", "geometry": {"type": "Point", "coordinates": [45.8962175, 15.899645]}, "properties": {"id": "EMIT_L1B_RAD_001_20250731T070508_2521205_017", "country": "Yemen", "n_imeo": 1, "n_cm": 2, "flux_max": 1983.98, "sector": "Oil and Gas", "split": "train", "date": "2025-07-31"}}, {"type": "Feature", "geometry": {"type": "Point", "coordinates": [52.1263295, 28.615595]}, "properties": {"id": "EMIT_L1B_RAD_001_20250803T061931_2521504_011", "country": "Iran (Islamic Republic of)", "n_imeo": 4, "n_cm": 2, "flux_max": 2171.0, "sector": "Oil and Gas", "split": "test", "date": "2025-08-03"}}, {"type": "Feature", "geometry": {"type": "Point", "coordinates": [-3.1345035, 40.453452999999996]}, "properties": {"id": "EMIT_L1B_RAD_001_20250803T110238_2521507_008", "country": "Spain", "n_imeo": 1, "n_cm": 3, "flux_max": 1482.0, "sector": "Waste", "split": "train", "date": "2025-08-03"}}, {"type": "Feature", "geometry": {"type": "Point", "coordinates": [-98.225403, 19.026077]}, "properties": {"id": "EMIT_L1B_RAD_001_20250803T153306_2521510_003", "country": "Mexico", "n_imeo": 1, "n_cm": 1, "flux_max": 7796.0, "sector": "Waste", "split": "train", "date": "2025-08-03"}}, {"type": "Feature", "geometry": {"type": "Point", "coordinates": [3.2081155, 36.558281]}, "properties": {"id": "EMIT_L1B_RAD_001_20250805T092540_2521706_006", "country": "Algeria", "n_imeo": 2, "n_cm": 2, "flux_max": 30889.0, "sector": "Waste", "split": "val", "date": "2025-08-05"}}, {"type": "Feature", "geometry": {"type": "Point", "coordinates": [54.1296345, 37.543820999999994]}, "properties": {"id": "EMIT_L1B_RAD_001_20250812T102326_2522407_015", "country": "Turkmenistan", "n_imeo": 9, "n_cm": 14, "flux_max": 5083.0, "sector": "Oil and Gas", "split": "train", "date": "2025-08-12"}}, {"type": "Feature", "geometry": {"type": "Point", "coordinates": [74.91107550000001, 42.804922]}, "properties": {"id": "EMIT_L1B_RAD_001_20250813T080029_2522505_006", "country": "Kyrgyzstan", "n_imeo": 1, "n_cm": 1, "flux_max": 2371.0, "sector": "Waste", "split": "train", "date": "2025-08-13"}}, {"type": "Feature", "geometry": {"type": "Point", "coordinates": [28.9403795, 29.812284499999997]}, "properties": {"id": "EMIT_L1B_RAD_001_20250814T115634_2522608_015", "country": "Egypt", "n_imeo": 3, "n_cm": 3, "flux_max": 2088.9, "sector": "Oil and Gas", "split": "train", "date": "2025-08-14"}}, {"type": "Feature", "geometry": {"type": "Point", "coordinates": [3.051373, 36.6546615]}, "properties": {"id": "EMIT_L1B_RAD_001_20250815T123929_2522708_007", "country": "Algeria", "n_imeo": 2, "n_cm": 2, "flux_max": 13847.0, "sector": "Waste", "split": "val", "date": "2025-08-15"}}, {"type": "Feature", "geometry": {"type": "Point", "coordinates": [-0.587593, 35.433783]}, "properties": {"id": "EMIT_L1B_RAD_001_20250818T115046_2523008_011", "country": "Algeria", "n_imeo": 1, "n_cm": 1, "flux_max": 441.0, "sector": "Waste", "split": "train", "date": "2025-08-18"}}, {"type": "Feature", "geometry": {"type": "Point", "coordinates": [-122.9108845, 44.923610499999995]}, "properties": {"id": "EMIT_L1B_RAD_001_20250820T175556_2523212_004", "country": "United States of America", "n_imeo": 1, "n_cm": 2, "flux_max": 1725.0, "sector": "Waste", "split": "train", "date": "2025-08-20"}}, {"type": "Feature", "geometry": {"type": "Point", "coordinates": [7.317864999999999, 29.4737005]}, "properties": {"id": "EMIT_L1B_RAD_001_20250822T101611_2523407_021", "country": "Algeria", "n_imeo": 1, "n_cm": 3, "flux_max": 879.26, "sector": "Oil and Gas", "split": "train", "date": "2025-08-22"}}, {"type": "Feature", "geometry": {"type": "Point", "coordinates": [10.1486395, 37.1287155]}, "properties": {"id": "EMIT_L1B_RAD_001_20250824T083817_2523606_002", "country": "Tunisia", "n_imeo": 2, "n_cm": 1, "flux_max": 6770.0, "sector": "Waste", "split": "val", "date": "2025-08-24"}}, {"type": "Feature", "geometry": {"type": "Point", "coordinates": [107.7622985, -6.8426670000000005]}, "properties": {"id": "EMIT_L1B_RAD_001_20250826T041241_2523802_036", "country": "Indonesia", "n_imeo": 1, "n_cm": 1, "flux_max": 4482.0, "sector": "Waste", "split": "val", "date": "2025-08-26"}}, {"type": "Feature", "geometry": {"type": "Point", "coordinates": [30.85557, 30.3828525]}, "properties": {"id": "EMIT_L1B_RAD_001_20250826T070549_2523804_003", "country": "Egypt", "n_imeo": 1, "n_cm": 1, "flux_max": 2858.86, "sector": "Waste", "split": "train", "date": "2025-08-26"}}, {"type": "Feature", "geometry": {"type": "Point", "coordinates": [9.8034575, 27.982053]}, "properties": {"id": "EMIT_L1B_RAD_001_20250826T083931_2523805_007", "country": "Algeria", "n_imeo": 1, "n_cm": 1, "flux_max": 974.0, "sector": "Oil and Gas", "split": "train", "date": "2025-08-26"}}, {"type": "Feature", "geometry": {"type": "Point", "coordinates": [-55.926245, -15.657574499999999]}, "properties": {"id": "EMIT_L1B_RAD_001_20250829T141525_2524109_047", "country": "Brazil", "n_imeo": 1, "n_cm": 1, "flux_max": 740.86, "sector": "Waste", "split": "train", "date": "2025-08-29"}}, {"type": "Feature", "geometry": {"type": "Point", "coordinates": [101.505966, 3.4208819999999998]}, "properties": {"id": "EMIT_L1B_RAD_001_20250830T023147_2524201_013", "country": "Malaysia", "n_imeo": 2, "n_cm": 2, "flux_max": 8894.17, "sector": "Waste", "split": "test", "date": "2025-08-30"}}, {"type": "Feature", "geometry": {"type": "Point", "coordinates": [-63.9264605, -31.330216]}, "properties": {"id": "EMIT_L1B_RAD_001_20250902T141557_2524509_007", "country": "Argentina", "n_imeo": 1, "n_cm": 1, "flux_max": 3526.0, "sector": "Waste", "split": "train", "date": "2025-09-02"}}, {"type": "Feature", "geometry": {"type": "Point", "coordinates": [-47.96698000000001, -21.660368]}, "properties": {"id": "EMIT_L1B_RAD_001_20250911T182625_2525412_031", "country": "Brazil", "n_imeo": 1, "n_cm": 1, "flux_max": 1782.0, "sector": "Waste", "split": "train", "date": "2025-09-11"}}, {"type": "Feature", "geometry": {"type": "Point", "coordinates": [-70.6848485, -33.093773]}, "properties": {"id": "EMIT_L1B_RAD_001_20250913T181940_2525612_007", "country": "Chile", "n_imeo": 1, "n_cm": 3, "flux_max": 7465.0, "sector": "Waste", "split": "train", "date": "2025-09-13"}}, {"type": "Feature", "geometry": {"type": "Point", "coordinates": [12.51906, -7.4100874999999995]}, "properties": {"id": "EMIT_L1B_RAD_001_20250919T120955_2526208_004", "country": "Angola", "n_imeo": 2, "n_cm": 1, "flux_max": 9182.0, "sector": "Oil and Gas", "split": "train", "date": "2025-09-19"}}, {"type": "Feature", "geometry": {"type": "Point", "coordinates": [-49.583070500000005, -25.824213]}, "properties": {"id": "EMIT_L1B_RAD_001_20250919T150920_2526210_007", "country": "Brazil", "n_imeo": 1, "n_cm": 1, "flux_max": 4868.0, "sector": "Waste", "split": "train", "date": "2025-09-19"}}, {"type": "Feature", "geometry": {"type": "Point", "coordinates": [-43.807831, -19.344929999999998]}, "properties": {"id": "EMIT_L1B_RAD_001_20250919T151130_2526210_018", "country": "Brazil", "n_imeo": 1, "n_cm": 1, "flux_max": 3022.0, "sector": "Waste", "split": "test", "date": "2025-09-19"}}, {"type": "Feature", "geometry": {"type": "Point", "coordinates": [6.9288445, 29.5410815]}, "properties": {"id": "EMIT_L1B_RAD_001_20250921T135223_2526409_013", "country": "Algeria", "n_imeo": 4, "n_cm": 3, "flux_max": 2167.0, "sector": "Oil and Gas", "split": "train", "date": "2025-09-21"}}, {"type": "Feature", "geometry": {"type": "Point", "coordinates": [50.091772, 30.3961745]}, "properties": {"id": "EMIT_L1B_RAD_001_20250924T095618_2526707_031", "country": "Iran (Islamic Republic of)", "n_imeo": 5, "n_cm": 6, "flux_max": 8233.61, "sector": "Oil and Gas", "split": "val", "date": "2025-09-24"}}, {"type": "Feature", "geometry": {"type": "Point", "coordinates": [7.472602999999999, 28.694643]}, "properties": {"id": "EMIT_L1B_RAD_001_20250925T121306_2526808_010", "country": "Algeria", "n_imeo": 6, "n_cm": 6, "flux_max": 1769.0, "sector": "Oil and Gas", "split": "train", "date": "2025-09-25"}}, {"type": "Feature", "geometry": {"type": "Point", "coordinates": [-87.8565825, 41.002407500000004]}, "properties": {"id": "EMIT_L1B_RAD_001_20250926T191422_2526912_025", "country": "United States of America", "n_imeo": 1, "n_cm": 1, "flux_max": 2797.0, "sector": "Waste", "split": "train", "date": "2025-09-26"}}, {"type": "Feature", "geometry": {"type": "Point", "coordinates": [58.743589, 40.52755]}, "properties": {"id": "EMIT_L1B_RAD_001_20250927T091015_2527005_052", "country": "Turkmenistan", "n_imeo": 1, "n_cm": 1, "flux_max": 770.0, "sector": "Oil and Gas", "split": "test", "date": "2025-09-27"}}, {"type": "Feature", "geometry": {"type": "Point", "coordinates": [50.699211500000004, 30.13904]}, "properties": {"id": "EMIT_L1B_RAD_001_20250928T081914_2527105_028", "country": "Iran (Islamic Republic of)", "n_imeo": 4, "n_cm": 6, "flux_max": 5606.0, "sector": "Oil and Gas", "split": "val", "date": "2025-09-28"}}, {"type": "Feature", "geometry": {"type": "Point", "coordinates": [111.95405199999999, 36.6920355]}, "properties": {"id": "EMIT_L1B_RAD_001_20250929T042906_2527202_021", "country": "China", "n_imeo": 8, "n_cm": 3, "flux_max": 3198.0, "sector": "Coal", "split": "train", "date": "2025-09-29"}}, {"type": "Feature", "geometry": {"type": "Point", "coordinates": [76.1854825, 43.411833]}, "properties": {"id": "EMIT_L1B_RAD_001_20250929T073745_2527204_052", "country": "Kazakhstan", "n_imeo": 1, "n_cm": 1, "flux_max": 2495.0, "sector": "Waste", "split": "test", "date": "2025-09-29"}}, {"type": "Feature", "geometry": {"type": "Point", "coordinates": [34.5637075, 31.466859]}, "properties": {"id": "EMIT_L1B_RAD_001_20250929T090536_2527205_020", "country": "Israel", "n_imeo": 2, "n_cm": 1, "flux_max": 2223.0, "sector": "Waste", "split": "train", "date": "2025-09-29"}}, {"type": "Feature", "geometry": {"type": "Point", "coordinates": [52.672089, 43.452303]}, "properties": {"id": "EMIT_L1B_RAD_001_20250929T091042_2527205_043", "country": "Kazakhstan", "n_imeo": 10, "n_cm": 13, "flux_max": 3139.97, "sector": "Oil and Gas", "split": "test", "date": "2025-09-29"}}, {"type": "Feature", "geometry": {"type": "Point", "coordinates": [-87.421089, 41.142433]}, "properties": {"id": "EMIT_L1B_RAD_001_20250930T173953_2527311_026", "country": "United States of America", "n_imeo": 1, "n_cm": 1, "flux_max": 5306.0, "sector": "Waste", "split": "train", "date": "2025-09-30"}}, {"type": "Feature", "geometry": {"type": "Point", "coordinates": [-99.2589645, 27.513023]}, "properties": {"id": "EMIT_L1B_RAD_001_20251001T164731_2527410_008", "country": "United States of America", "n_imeo": 1, "n_cm": 1, "flux_max": 1083.0, "sector": "Oil and Gas", "split": "train", "date": "2025-10-01"}}, {"type": "Feature", "geometry": {"type": "Point", "coordinates": [-97.5756495, 29.149006]}, "properties": {"id": "EMIT_L1B_RAD_001_20251001T164806_2527410_011", "country": "United States of America", "n_imeo": 3, "n_cm": 1, "flux_max": 892.0, "sector": "Oil and Gas", "split": "train", "date": "2025-10-01"}}, {"type": "Feature", "geometry": {"type": "Point", "coordinates": [51.305652499999994, 30.331519]}, "properties": {"id": "EMIT_L1B_RAD_001_20251002T064420_2527504_036", "country": "Iran (Islamic Republic of)", "n_imeo": 3, "n_cm": 2, "flux_max": 6012.34, "sector": "Oil and Gas", "split": "test", "date": "2025-10-02"}}, {"type": "Feature", "geometry": {"type": "Point", "coordinates": [5.68701, 31.7405415]}, "properties": {"id": "EMIT_L1B_RAD_001_20251002T095035_2527506_036", "country": "Algeria", "n_imeo": 7, "n_cm": 2, "flux_max": 2255.0, "sector": "Oil and Gas", "split": "test", "date": "2025-10-02"}}, {"type": "Feature", "geometry": {"type": "Point", "coordinates": [6.295039, 32.264748499999996]}, "properties": {"id": "EMIT_L1B_RAD_001_20251002T095047_2527506_037", "country": "Algeria", "n_imeo": 1, "n_cm": 1, "flux_max": 374.0, "sector": "Oil and Gas", "split": "train", "date": "2025-10-02"}}, {"type": "Feature", "geometry": {"type": "Point", "coordinates": [52.6884725, 43.2475205]}, "properties": {"id": "EMIT_L1B_RAD_001_20251003T073526_2527604_023", "country": "Kazakhstan", "n_imeo": 10, "n_cm": 8, "flux_max": 2599.0, "sector": "Oil and Gas", "split": "test", "date": "2025-10-03"}}, {"type": "Feature", "geometry": {"type": "Point", "coordinates": [-78.5035135, 35.146494000000004]}, "properties": {"id": "EMIT_L1B_RAD_001_20251003T151618_2527609_014", "country": "United States of America", "n_imeo": 1, "n_cm": 1, "flux_max": 2923.0, "sector": "Waste", "split": "train", "date": "2025-10-03"}}, {"type": "Feature", "geometry": {"type": "Point", "coordinates": [-86.9696845, 21.293247]}, "properties": {"id": "EMIT_L1B_RAD_001_20251004T142406_2527709_018", "country": "Mexico", "n_imeo": 3, "n_cm": 1, "flux_max": 4455.0, "sector": "Waste", "split": "train", "date": "2025-10-04"}}, {"type": "Feature", "geometry": {"type": "Point", "coordinates": [-87.02210199999999, 41.0952985]}, "properties": {"id": "EMIT_L1B_RAD_001_20251004T160435_2527710_031", "country": "United States of America", "n_imeo": 1, "n_cm": 1, "flux_max": 6229.0, "sector": "Waste", "split": "train", "date": "2025-10-04"}}, {"type": "Feature", "geometry": {"type": "Point", "coordinates": [80.2805095, 38.746748]}, "properties": {"id": "EMIT_L1B_RAD_001_20251005T042626_2527802_004", "country": "China", "n_imeo": 1, "n_cm": 1, "flux_max": 1119.0, "sector": "Oil and Gas", "split": "train", "date": "2025-10-05"}}, {"type": "Feature", "geometry": {"type": "Point", "coordinates": [29.872556000000003, 30.6669345]}, "properties": {"id": "EMIT_L1B_RAD_001_20251018T100558_2529107_003", "country": "Egypt", "n_imeo": 1, "n_cm": 1, "flux_max": 4615.0, "sector": "Waste", "split": "train", "date": "2025-10-18"}}, {"type": "Feature", "geometry": {"type": "Point", "coordinates": [72.292568, 23.7246605]}, "properties": {"id": "EMIT_L1B_RAD_001_20251020T070211_2529305_002", "country": "India", "n_imeo": 3, "n_cm": 1, "flux_max": 1500.0, "sector": "Oil and Gas", "split": "train", "date": "2025-10-20"}}, {"type": "Feature", "geometry": {"type": "Point", "coordinates": [72.80565250000001, 23.1587935]}, "properties": {"id": "EMIT_L1B_RAD_001_20251020T070223_2529305_003", "country": "India", "n_imeo": 1, "n_cm": 1, "flux_max": 2781.0, "sector": "Waste", "split": "train", "date": "2025-10-20"}}, {"type": "Feature", "geometry": {"type": "Point", "coordinates": [29.882459, 30.7918655]}, "properties": {"id": "EMIT_L1B_RAD_001_20251022T083154_2529506_001", "country": "Egypt", "n_imeo": 1, "n_cm": 1, "flux_max": 2316.0, "sector": "Waste", "split": "train", "date": "2025-10-22"}}, {"type": "Feature", "geometry": {"type": "Point", "coordinates": [31.0515555, 29.723111]}, "properties": {"id": "EMIT_L1B_RAD_001_20251022T083218_2529506_003", "country": "Egypt", "n_imeo": 2, "n_cm": 1, "flux_max": 4739.0, "sector": "Waste", "split": "train", "date": "2025-10-22"}}, {"type": "Feature", "geometry": {"type": "Point", "coordinates": [9.2503605, 28.003502]}, "properties": {"id": "EMIT_L1B_RAD_001_20251022T100548_2529507_006", "country": "Algeria", "n_imeo": 3, "n_cm": 3, "flux_max": 2778.0, "sector": "Oil and Gas", "split": "train", "date": "2025-10-22"}}, {"type": "Feature", "geometry": {"type": "Point", "coordinates": [-100.316803, 25.477414]}, "properties": {"id": "EMIT_L1B_RAD_001_20251023T170418_2529611_003", "country": "Mexico", "n_imeo": 3, "n_cm": 2, "flux_max": 6179.0, "sector": "Waste", "split": "train", "date": "2025-10-23"}}, {"type": "Feature", "geometry": {"type": "Point", "coordinates": [-55.7261655, -34.702602]}, "properties": {"id": "EMIT_L1B_RAD_001_20251030T150156_2530310_038", "country": "Uruguay", "n_imeo": 1, "n_cm": 1, "flux_max": 4040.0, "sector": "Waste", "split": "train", "date": "2025-10-30"}}, {"type": "Feature", "geometry": {"type": "Point", "coordinates": [-66.00051500000001, -17.860568999999998]}, "properties": {"id": "EMIT_L1B_RAD_001_20251104T123316_2530808_018", "country": "Bolivia (Plurinational State of)", "n_imeo": 1, "n_cm": 1, "flux_max": 3368.0, "sector": "Waste", "split": "train", "date": "2025-11-04"}}, {"type": "Feature", "geometry": {"type": "Point", "coordinates": [-71.4685785, -35.299137]}, "properties": {"id": "EMIT_L1B_RAD_001_20251108T123651_2531208_004", "country": "Chile", "n_imeo": 1, "n_cm": 1, "flux_max": 1128.75, "sector": "Waste", "split": "train", "date": "2025-11-08"}}, {"type": "Feature", "geometry": {"type": "Point", "coordinates": [-46.644844000000006, -24.036621]}, "properties": {"id": "EMIT_L1B_RAD_001_20251112T173944_2531611_044", "country": "Brazil", "n_imeo": 1, "n_cm": 1, "flux_max": 6695.0, "sector": "Waste", "split": "train", "date": "2025-11-12"}}, {"type": "Feature", "geometry": {"type": "Point", "coordinates": [-46.128870000000006, -23.4717095]}, "properties": {"id": "EMIT_L1B_RAD_001_20251112T173956_2531611_045", "country": "Brazil", "n_imeo": 1, "n_cm": 3, "flux_max": 14104.0, "sector": "Waste", "split": "train", "date": "2025-11-12"}}]}